[
  {
    "title": "BR DFANBSB ARX.0.0.1 - caso barra da tijuca: imagens fotográficas. - Dossiê",
    "link": "/br_dfanbsb_arx/0/0/0001/br_dfanbsb_arx_0_0_0001_d0001de0001.pdf"
  },
  {
    "title": "BR DFANBSB ARX.0.0.2 - caso barra da tijuca: reconstituição das trajetórias pelas fotografias. - Dossiê",
    "link": "/br_dfanbsb_arx/0/0/0002/br_dfanbsb_arx_0_0_0002_d0001de0001.pdf"
  },
  {
    "title": "BR DFANBSB ARX.0.0.2 - caso barra da tijuca: reconstituição das trajetórias pelas fotografias. - Dossiê - 2",
    "link": "/br_dfanbsb_arx/0/0/0002/br_dfanbsb_arx_0_0_0002_d0001de0002.pdf"
  },
  {
    "title": "BR DFANBSB ARX.0.0.2 - caso barra da tijuca: reconstituição das trajetórias pelas fotografias. - Dossiê - 3",
    "link": "/br_dfanbsb_arx/0/0/0002/br_dfanbsb_arx_0_0_0002_d0002de0002.pdf"
  },
  {
    "title": "BR DFANBSB ARX.0.0.3 - forte luminosidade, com alta velocidade, observada em voo da varig, prefixo vbf: relato da tripulação. - Dossiê",
    "link": "/br_dfanbsb_arx/0/0/0003/br_dfanbsb_arx_0_0_0003_d0001de0001.pdf"
  },
  {
    "title": "BR DFANBSB ARX.0.0.4 - avistamentos: relatório-síntese de ocorrências. - Dossiê",
    "link": "/br_dfanbsb_arx/0/0/0004/br_dfanbsb_arx_0_0_0004_d0001de0001.pdf"
  },
  {
    "title": "BR DFANBSB ARX.0.0.5 - ovni em araras, estado de são paulo: relato de agricultor. - Dossiê",
    "link": "/br_dfanbsb_arx/0/0/0005/br_dfanbsb_arx_0_0_0005_d0001de0001.pdf"
  },
  {
    "title": "BR DFANBSB ARX.0.0.6 - caso do doutor joão de freitas guimarães: relato de viagem em disco voador ocorrida em são sebastião, estado de são paulo. - Dossiê",
    "link": "/br_dfanbsb_arx/0/0/0006/br_dfanbsb_arx_0_0_0006_d0001de0001.pdf"
  },
  {
    "title": "BR DFANBSB ARX.0.0.7 - caso duas pontes, em diamantina, estado de minas gerais. - Dossiê",
    "link": "/br_dfanbsb_arx/0/0/0007/br_dfanbsb_arx_0_0_0007_d0001de0001.pdf"
  },
  {
    "title": "BR DFANBSB ARX.0.0.8 - tráfego hotel em bauru, estado de são paulo: relato de zelador de fazenda. - Dossiê",
    "link": "/br_dfanbsb_arx/0/0/0008/br_dfanbsb_arx_0_0_0008_d0001de0001.pdf"
  },
  {
    "title": "BR DFANBSB ARX.0.0.9 - tráfego hotel em pirassununga, estado de são paulo: relato de engenheiro agrônomo. - Dossiê",
    "link": "/br_dfanbsb_arx/0/0/0009/br_dfanbsb_arx_0_0_0009_d0001de0001.pdf"
  },
  {
    "title": "BR DFANBSB ARX.0.0.10 - tráfego hotel em piracicaba, estado de são paulo, segundo ilustração de desenhista. - Dossiê",
    "link": "/br_dfanbsb_arx/0/0/0010/br_dfanbsb_arx_0_0_0010_d0001de0001.pdf"
  },
  {
    "title": "BR DFANBSB ARX.0.0.11 - tráfego hotel em jaú, estado de são paulo: relato. - Dossiê",
    "link": "/br_dfanbsb_arx/0/0/0011/br_dfanbsb_arx_0_0_0011_d0001de0001.pdf"
  },
  {
    "title": "BR DFANBSB ARX.0.0.12 - manual de objetos não identificados, destinados a investigadores e pesquisadores. - Dossiê",
    "link": "/br_dfanbsb_arx/0/0/0012/br_dfanbsb_arx_0_0_0012_d0001de0001.pdf"
  },
  {
    "title": "BR DFANBSB ARX.0.0.13 - ilustração de funcionário da prefeitura sobre sua observação de tráfego hotel em lins, estado de são paulo. - Dossiê",
    "link": "/br_dfanbsb_arx/0/0/0013/br_dfanbsb_arx_0_0_0013_d0001de0001.pdf"
  },
  {
    "title": "BR DFANBSB ARX.0.0.14 - narração de motorista sobre sua observação de tráfego hotel em lins, estado de são paulo. - Dossiê",
    "link": "/br_dfanbsb_arx/0/0/0014/br_dfanbsb_arx_0_0_0014_d0001de0001.pdf"
  },
  {
    "title": "BR DFANBSB ARX.0.0.15 - narração de professora sobre sua observação de tráfego hotel em lins, estado de são paulo. - Dossiê",
    "link": "/br_dfanbsb_arx/0/0/0015/br_dfanbsb_arx_0_0_0015_d0001de0001.pdf"
  },
  {
    "title": "BR DFANBSB ARX.0.0.16 - narração de comerciante sobre sua observação de tráfego hotel em lins, estado de são paulo. - Dossiê",
    "link": "/br_dfanbsb_arx/0/0/0016/br_dfanbsb_arx_0_0_0016_d0001de0001.pdf"
  },
  {
    "title": "BR DFANBSB ARX.0.0.17 - narração de guarda civil sobre a sua observação de tráfego hotel em bauru, estado de são paulo. - Dossiê",
    "link": "/br_dfanbsb_arx/0/0/0017/br_dfanbsb_arx_0_0_0017_d0001de0001.pdf"
  },
  {
    "title": "BR DFANBSB ARX.0.0.18 - narração de guarda noturno sobre sua observação de  tráfego hotel em bauru, estado de são paulo. - Dossiê",
    "link": "/br_dfanbsb_arx/0/0/0018/br_dfanbsb_arx_0_0_0018_d0001de0001.pdf"
  },
  {
    "title": "BR DFANBSB ARX.0.0.19 - narração de atendente de sanatório sobre sua observação de  tráfego hotel em lins, estado de são paulo. - Dossiê",
    "link": "/br_dfanbsb_arx/0/0/0019/br_dfanbsb_arx_0_0_0019_d0001de0001.pdf"
  },
  {
    "title": "BR DFANBSB ARX.0.0.20 - narração de médico veterinário sobre sua observação de tráfego hotel em bauru, estado de são paulo. - Dossiê",
    "link": "/br_dfanbsb_arx/0/0/0020/br_dfanbsb_arx_0_0_0020_d0001de0001.pdf"
  },
  {
    "title": "BR DFANBSB ARX.0.0.21 - narração de estudante sobre sua observação de tráfego hotel em botucatu, estado de são paulo. - Dossiê",
    "link": "/br_dfanbsb_arx/0/0/0021/br_dfanbsb_arx_0_0_0021_d0001de0001.pdf"
  },
  {
    "title": "BR DFANBSB ARX.0.0.22 - narração de guarda noturno sobre sua observação de tráfego hotel em lins, estado de são paulo. - Dossiê",
    "link": "/br_dfanbsb_arx/0/0/0022/br_dfanbsb_arx_0_0_0022_d0001de0001.pdf"
  },
  {
    "title": "BR DFANBSB ARX.0.0.23 - narração de comerciante sobre sua 4ª observação de tráfego hotel em lins, estado de são paulo. - Dossiê",
    "link": "/br_dfanbsb_arx/0/0/0023/br_dfanbsb_arx_0_0_0023_d0001de0001.pdf"
  },
  {
    "title": "BR DFANBSB ARX.0.0.24 - narração de cozinheiro sobre sua observação de tráfego hotel em lins, estado de são paulo. - Dossiê",
    "link": "/br_dfanbsb_arx/0/0/0024/br_dfanbsb_arx_0_0_0024_d0001de0001.pdf"
  },
  {
    "title": "BR DFANBSB ARX.0.0.25 - narração de eletricista da prefeitura sobre sua observação de tráfego hotel em marília, estado de são paulo. - Dossiê",
    "link": "/br_dfanbsb_arx/0/0/0025/br_dfanbsb_arx_0_0_0025_d0001de0001.pdf"
  },
  {
    "title": "BR DFANBSB ARX.0.0.26 - narração de fazendeiro sobre sua observação de tráfego hotel getulina, estado de são paulo. - Dossiê",
    "link": "/br_dfanbsb_arx/0/0/0026/br_dfanbsb_arx_0_0_0026_d0001de0001.pdf"
  },
  {
    "title": "BR DFANBSB ARX.0.0.27 - narração de técnico de rádio e tv sobre sua observação de tráfego hotel em lins, estado de são paulo. - Dossiê",
    "link": "/br_dfanbsb_arx/0/0/0027/br_dfanbsb_arx_0_0_0027_d0001de0001.pdf"
  },
  {
    "title": "BR DFANBSB ARX.0.0.28 - ilustrações de dona de casa sobre sua observação de tráfego hotel em jales, estado de são paulo. - Dossiê",
    "link": "/br_dfanbsb_arx/0/0/0028/br_dfanbsb_arx_0_0_0028_d0001de0001.pdf"
  },
  {
    "title": "BR DFANBSB ARX.0.0.29 - narração de administrador sobre sua observação de tráfego hotel em serra negra, estado de são paulo. - Dossiê",
    "link": "/br_dfanbsb_arx/0/0/0029/br_dfanbsb_arx_0_0_0029_d0001de0001.pdf"
  },
  {
    "title": "BR DFANBSB ARX.0.0.30 - narração de industrial sobre sua observação de tráfego hotel em lins, estado de são paulo. - Dossiê",
    "link": "/br_dfanbsb_arx/0/0/0030/br_dfanbsb_arx_0_0_0030_d0001de0001.pdf"
  },
  {
    "title": "BR DFANBSB ARX.0.0.31 - narração de bancário sobre sua observação de tráfego hotel em lins, estado de são paulo. - Dossiê",
    "link": "/br_dfanbsb_arx/0/0/0031/br_dfanbsb_arx_0_0_0031_d0001de0001.pdf"
  },
  {
    "title": "BR DFANBSB ARX.0.0.31A - narração de engenheiro sobre sua observação de tráfego hotel em bauru, estado de são paulo. - Dossiê",
    "link": "/br_dfanbsb_arx/0/0/0031a/br_dfanbsb_arx_0_0_0031a_d0001de0001.pdf"
  },
  {
    "title": "BR DFANBSB ARX.0.0.31B - narração de comerciário sobre sua observação de tráfego hotel em americana, estado de são paulo. - Dossiê",
    "link": "/br_dfanbsb_arx/0/0/0031b/br_dfanbsb_arx_0_0_0031b_d0001de0001.pdf"
  },
  {
    "title": "BR DFANBSB ARX.0.0.31C - narração de militar sobre sua observação de tráfego hotel em lins, estado de são paulo. - Dossiê",
    "link": "/br_dfanbsb_arx/0/0/0031c/br_dfanbsb_arx_0_0_0031c_d0001de0001.pdf"
  },
  {
    "title": "BR DFANBSB ARX.0.0.32 - narração de eletricista sobre sua observação de tráfego hotel em lins, estado de são paulo. - Dossiê",
    "link": "/br_dfanbsb_arx/0/0/0032/br_dfanbsb_arx_0_0_0032_d0001de0001.pdf"
  },
  {
    "title": "BR DFANBSB ARX.0.0.33 - narração de vendedor de frutas de nome tiago machado de tráfego hotel em pirassuninga, estado de são paulo. - Dossiê",
    "link": "/br_dfanbsb_arx/0/0/0033/br_dfanbsb_arx_0_0_0033_d0001de0001.pdf"
  },
  {
    "title": "BR DFANBSB ARX.0.0.34 - narração livre do observador sobre a sua observação de tráfego hotel em pirassuninga, estado de são paulo. - Dossiê",
    "link": "/br_dfanbsb_arx/0/0/0034/br_dfanbsb_arx_0_0_0034_d0001de0001.pdf"
  },
  {
    "title": "BR DFANBSB ARX.0.0.35 - narração de fazendeiro sobre sua observação de tráfego hotel em lins, estado de são paulo. - Dossiê",
    "link": "/br_dfanbsb_arx/0/0/0035/br_dfanbsb_arx_0_0_0035_d0001de0001.pdf"
  },
  {
    "title": "BR DFANBSB ARX.0.0.36 - ilustração de professor sobre sua observação de tráfego hotel em tietê, estado de são paulo. - Dossiê",
    "link": "/br_dfanbsb_arx/0/0/0036/br_dfanbsb_arx_0_0_0036_d0001de0001.pdf"
  },
  {
    "title": "BR DFANBSB ARX.0.0.37 - narração de faxineiro sobre sua observação de tráfego hotel em lins, estado de são paulo. - Dossiê",
    "link": "/br_dfanbsb_arx/0/0/0037/br_dfanbsb_arx_0_0_0037_d0001de0001.pdf"
  },
  {
    "title": "BR DFANBSB ARX.0.0.38 - narração de corretor de imóveis sobre sua observação de tráfego hotel em belo horizonte, estado de minas gerais. - Dossiê",
    "link": "/br_dfanbsb_arx/0/0/0038/br_dfanbsb_arx_0_0_0038_d0001de0001.pdf"
  },
  {
    "title": "BR DFANBSB ARX.0.0.39 - narração de motorista sobre sua observação de tráfego hotel em presidente prudente, estado de são paulo. - Dossiê",
    "link": "/br_dfanbsb_arx/0/0/0039/br_dfanbsb_arx_0_0_0039_d0001de0001.pdf"
  },
  {
    "title": "BR DFANBSB ARX.0.0.40 - narração de gerente de vendas sobre sua observação de tráfego hotel em itabiúna, estado de são paulo. - Dossiê",
    "link": "/br_dfanbsb_arx/0/0/0040/br_dfanbsb_arx_0_0_0040_d0001de0001.pdf"
  },
  {
    "title": "BR DFANBSB ARX.0.0.41 - narração de comerciantes sobre sua observação de tráfego hotel em presidente prudente, estado de são paulo. - Dossiê",
    "link": "/br_dfanbsb_arx/0/0/0041/br_dfanbsb_arx_0_0_0041_d0001de0001.pdf"
  },
  {
    "title": "BR DFANBSB ARX.0.0.42 - narração de bancário sobre sua observação de tráfego hotel em passa tempo, estado de minas gerais. - Dossiê",
    "link": "/br_dfanbsb_arx/0/0/0042/br_dfanbsb_arx_0_0_0042_d0001de0001.pdf"
  },
  {
    "title": "BR DFANBSB ARX.0.0.43 - narração de piloto (ceesp) sobre sua observação de tráfego hotel em botucatu, estado de são paulo. - Dossiê",
    "link": "/br_dfanbsb_arx/0/0/0043/br_dfanbsb_arx_0_0_0043_d0001de0001.pdf"
  },
  {
    "title": "BR DFANBSB ARX.0.0.44 - narração de motorista sobre sua observação de tráfego hotel em santa cruz, estado do rio de janeiro. - Dossiê",
    "link": "/br_dfanbsb_arx/0/0/0044/br_dfanbsb_arx_0_0_0044_d0001de0001.pdf"
  }
]