[
  {
    "title": "BR DFANBSB ARX.0.0.378 - relatório de ocorrência n. 16/94 (brasília).\n - Dossiê",
    "link": "/br_dfanbsb_arx/0/0/0378/br_dfanbsb_arx_0_0_0378_d0001de0001.pdf"
  },
  {
    "title": "BR DFANBSB ARX.0.0.379 - questionário sobre ocorrência de objeto voador não identificado na região de ceilândia, distrito federal.\n - Dossiê",
    "link": "/br_dfanbsb_arx/0/0/0379/br_dfanbsb_arx_0_0_0379_d0001de0001.pdf"
  },
  {
    "title": "BR DFANBSB ARX.0.0.380 - questionário sobre ocorrência de objeto voador não identificado na região itapuã, em goiânia, goiás. - Dossiê",
    "link": "/br_dfanbsb_arx/0/0/0380/br_dfanbsb_arx_0_0_0380_d0001de0001.pdf"
  },
  {
    "title": "BR DFANBSB ARX.0.0.381 - questionário sobre ocorrência de objeto voador não identificado.\n - Dossiê",
    "link": "/br_dfanbsb_arx/0/0/0381/br_dfanbsb_arx_0_0_0381_d0001de0001.pdf"
  },
  {
    "title": "BR DFANBSB ARX.0.0.382 - questionário sobre ocorrência de objeto voador não identificado na região de brasília, distrito federal.\n - Dossiê",
    "link": "/br_dfanbsb_arx/0/0/0382/br_dfanbsb_arx_0_0_0382_d0001de0001.pdf"
  },
  {
    "title": "BR DFANBSB ARX.0.0.383 - questionário sobre ocorrência de objeto voador não identificado na região de belém, estado do pará.\n - Dossiê",
    "link": "/br_dfanbsb_arx/0/0/0383/br_dfanbsb_arx_0_0_0383_d0001de0001.pdf"
  },
  {
    "title": "BR DFANBSB ARX.0.0.384 - questionário sobre ocorrência de objeto voador não identificado na região de nova lima, minas gerais.\n - Dossiê",
    "link": "/br_dfanbsb_arx/0/0/0384/br_dfanbsb_arx_0_0_0384_d0001de0001.pdf"
  },
  {
    "title": "BR DFANBSB ARX.0.0.385 - questionário sobre ocorrência de objeto voador não identificado no distrito federal.\n - Dossiê",
    "link": "/br_dfanbsb_arx/0/0/0385/br_dfanbsb_arx_0_0_0385_d0001de0001.pdf"
  },
  {
    "title": "BR DFANBSB ARX.0.0.386 - questionário sobre ocorrência de objeto voador não identificado no distrito federal (?).\n - Dossiê",
    "link": "/br_dfanbsb_arx/0/0/0386/br_dfanbsb_arx_0_0_0386_d0001de0001.pdf"
  },
  {
    "title": "BR DFANBSB ARX.0.0.387 - questionário sobre ocorrência de objeto voador não identificado, avistado na região de alcobaça, bahia.\n - Dossiê",
    "link": "/br_dfanbsb_arx/0/0/0387/br_dfanbsb_arx_0_0_0387_d0001de0001.pdf"
  },
  {
    "title": "BR DFANBSB ARX.0.0.388 - questionário sobre ocorrência de objeto voador não identificado na região de brasília, distrito federal.\n - Dossiê",
    "link": "/br_dfanbsb_arx/0/0/0388/br_dfanbsb_arx_0_0_0388_d0001de0001.pdf"
  },
  {
    "title": "BR DFANBSB ARX.0.0.389 - carta n. 103/95 solicitando comentários sobre objetos voadores não identificados e a  respeito de documentos vazados do arquivo. \n - Dossiê",
    "link": "/br_dfanbsb_arx/0/0/0389/br_dfanbsb_arx_0_0_0389_d0001de0001.pdf"
  },
  {
    "title": "BR DFANBSB ARX.0.0.390 - questionário sobre ocorrência de objeto voador não identificado, avistado próximo ao lago paranoá.\n - Dossiê",
    "link": "/br_dfanbsb_arx/0/0/0390/br_dfanbsb_arx_0_0_0390_d0001de0001.pdf"
  },
  {
    "title": "BR DFANBSB ARX.0.0.391 - carta indagando sobre a  possibilidade de pesquisadores conhecerem filmes feitos  no pará, e que estariam em posse do ministério da aeronáutica, relacionados a ocorrências de objetos aéreos não identi - Dossiê",
    "link": "/br_dfanbsb_arx/0/0/0391/br_dfanbsb_arx_0_0_0391_d0001de0001.pdf"
  },
  {
    "title": "BR DFANBSB ARX.0.0.392 - carta solicitando informações sobre detecção de ocorrência de ovni no oeste paulista entre os meses de dezembro de 1994 e fevereiro de 1995, tendo em vista confirmar notícias publicadas em jornais. \n - Dossiê",
    "link": "/br_dfanbsb_arx/0/0/0392/br_dfanbsb_arx_0_0_0392_d0001de0001.pdf"
  },
  {
    "title": "BR DFANBSB ARX.0.0.393 - questionário sobre ocorrência de objeto voador não identificado na região de porto alegre, estado do rio grande do sul.\n - Dossiê",
    "link": "/br_dfanbsb_arx/0/0/0393/br_dfanbsb_arx_0_0_0393_d0001de0001.pdf"
  },
  {
    "title": "BR DFANBSB ARX.0.0.394 - questionário sobre ocorrência de objeto voador não identificado na região de bacacheri, curitiba, estado do paraná.\n - Dossiê",
    "link": "/br_dfanbsb_arx/0/0/0394/br_dfanbsb_arx_0_0_0394_d0001de0001.pdf"
  },
  {
    "title": "BR DFANBSB ARX.0.0.395 - questionário sobre ocorrência de objeto voador não identificado na região de belo horizonte, estado de minas gerais.\n - Dossiê",
    "link": "/br_dfanbsb_arx/0/0/0395/br_dfanbsb_arx_0_0_0395_d0001de0001.pdf"
  },
  {
    "title": "BR DFANBSB ARX.0.0.396 - questionário sobre ocorrência de objeto voador não identificado, no distrito federal(?).\n - Dossiê",
    "link": "/br_dfanbsb_arx/0/0/0396/br_dfanbsb_arx_0_0_0396_d0001de0001.pdf"
  },
  {
    "title": "BR DFANBSB ARX.0.0.397 - questionário sobre ocorrência de objeto voador não identificado.\n - Dossiê",
    "link": "/br_dfanbsb_arx/0/0/0397/br_dfanbsb_arx_0_0_0397_d0001de0001.pdf"
  },
  {
    "title": "BR DFANBSB ARX.0.0.398 - ofício n. 95/113 solicitando orientação de como proceder para obter informações sobre relatórios referentes a ovnis nos quais esteja envolvida a força aérea brasileira. - Dossiê",
    "link": "/br_dfanbsb_arx/0/0/0398/br_dfanbsb_arx_0_0_0398_d0001de0001.pdf"
  },
  {
    "title": "BR DFANBSB ARX.0.0.399 - ovni faz avião interromper aterrissagem na argentina.  o globo. - Dossiê",
    "link": "/br_dfanbsb_arx/0/0/0399/br_dfanbsb_arx_0_0_0399_d0001de0001.pdf"
  },
  {
    "title": "BR DFANBSB ARX.0.0.400 - é um et? imagens de autópsias feitas em supostos seres extraterrestres provocam polêmica nos estados unidos e inglaterra. isto é, n. 1348. - Dossiê",
    "link": "/br_dfanbsb_arx/0/0/0400/br_dfanbsb_arx_0_0_0400_d0001de0001.pdf"
  },
  {
    "title": "BR DFANBSB ARX.0.0.401 - questionário sobre ocorrência de objeto voador não identificado na região de catanduvas, estado do paraná.\n - Dossiê",
    "link": "/br_dfanbsb_arx/0/0/0401/br_dfanbsb_arx_0_0_0401_d0001de0001.pdf"
  },
  {
    "title": "BR DFANBSB ARX.0.0.402 - questionário sobre ocorrência de objeto voador não identificado na região de florianópolis, estado de santa catarina.\n - Dossiê",
    "link": "/br_dfanbsb_arx/0/0/0402/br_dfanbsb_arx_0_0_0402_d0001de0001.pdf"
  },
  {
    "title": "BR DFANBSB ARX.0.0.403 - questionário sobre ocorrência de objeto voador não identificado na região de guatupê, próximo a curitiba, estado do paraná.\n - Dossiê",
    "link": "/br_dfanbsb_arx/0/0/0403/br_dfanbsb_arx_0_0_0403_d0001de0001.pdf"
  },
  {
    "title": "BR DFANBSB ARX.0.0.404 - questionário sobre ocorrência de objeto voador não identificado na região de peruibe, estado de são paulo.\n - Dossiê",
    "link": "/br_dfanbsb_arx/0/0/0404/br_dfanbsb_arx_0_0_0404_d0001de0001.pdf"
  },
  {
    "title": "BR DFANBSB ARX.0.0.405 - questionário sobre ocorrência de objeto voador não identificado observado em voo na rota cuiabá, estado de mato grosso, para são paulo, estado de são paulo.\n - Dossiê",
    "link": "/br_dfanbsb_arx/0/0/0405/br_dfanbsb_arx_0_0_0405_d0001de0001.pdf"
  },
  {
    "title": "BR DFANBSB ARX.0.0.406 - questionário sobre ocorrência de objeto voador não identificado na região de luziânia, estado de goiás.\n - Dossiê",
    "link": "/br_dfanbsb_arx/0/0/0406/br_dfanbsb_arx_0_0_0406_d0001de0001.pdf"
  },
  {
    "title": "BR DFANBSB ARX.0.0.407 - questionário sobre ocorrência de objeto voador não identificado na região de taguatinga, distrito federal.\n - Dossiê",
    "link": "/br_dfanbsb_arx/0/0/0407/br_dfanbsb_arx_0_0_0407_d0001de0001.pdf"
  },
  {
    "title": "BR DFANBSB ARX.0.0.408 - questionário sobre ocorrência de objeto voador não identificado na região de taguatinga, distrito federal.\n - Dossiê",
    "link": "/br_dfanbsb_arx/0/0/0408/br_dfanbsb_arx_0_0_0408_d0001de0001.pdf"
  },
  {
    "title": "BR DFANBSB ARX.0.0.409 - questionário sobre ocorrência de objeto voador não identificado na região de recanto das emas, distrito federal.\n - Dossiê",
    "link": "/br_dfanbsb_arx/0/0/0409/br_dfanbsb_arx_0_0_0409_d0001de0001.pdf"
  },
  {
    "title": "BR DFANBSB ARX.0.0.410 - questionário sobre ocorrência de objeto voador não identificado, entre belo horizonte, estado de minas gerais, e belém, estado do pará.\n - Dossiê",
    "link": "/br_dfanbsb_arx/0/0/0410/br_dfanbsb_arx_0_0_0410_d0001de0001.pdf"
  },
  {
    "title": "BR DFANBSB ARX.0.0.411 - questionário sobre ocorrência de objeto voador não identificado, na região de porto alegre, estado do rio grande do sul.\n - Dossiê",
    "link": "/br_dfanbsb_arx/0/0/0411/br_dfanbsb_arx_0_0_0411_d0001de0001.pdf"
  },
  {
    "title": "BR DFANBSB ARX.0.0.412 - questionário sobre ocorrência de objeto voador não identificado na região de santa cruz do sul, estado do rio grande do sul.\n - Dossiê",
    "link": "/br_dfanbsb_arx/0/0/0412/br_dfanbsb_arx_0_0_0412_d0001de0001.pdf"
  },
  {
    "title": "BR DFANBSB ARX.0.0.413 - questionário sobre ocorrência de objeto voador não identificado na região de porto, estado do rio grande do sul.\n - Dossiê",
    "link": "/br_dfanbsb_arx/0/0/0413/br_dfanbsb_arx_0_0_0413_d0001de0001.pdf"
  },
  {
    "title": "BR DFANBSB ARX.0.0.414 - questionário sobre ocorrência de objeto voador não identificado na região de santa cruz do sul, estado do rio grande do sul.\n - Dossiê",
    "link": "/br_dfanbsb_arx/0/0/0414/br_dfanbsb_arx_0_0_0414_d0001de0001.pdf"
  },
  {
    "title": "BR DFANBSB ARX.0.0.415 - questionário sobre ocorrência de objeto voador não identificado na região de itaqui, estado do rio grande do sul.\n - Dossiê",
    "link": "/br_dfanbsb_arx/0/0/0415/br_dfanbsb_arx_0_0_0415_d0001de0001.pdf"
  },
  {
    "title": "BR DFANBSB ARX.0.0.416 - questionário sobre ocorrência de objeto voador não identificado na região de tuparendi, estado do rio grande do sul.\n - Dossiê",
    "link": "/br_dfanbsb_arx/0/0/0416/br_dfanbsb_arx_0_0_0416_d0001de0001.pdf"
  },
  {
    "title": "BR DFANBSB ARX.0.0.417 - questionário sobre ocorrência de objeto voador não identificado ao norte do rio guaíba, porto alegre, estado do rio grande do sul.\n - Dossiê",
    "link": "/br_dfanbsb_arx/0/0/0417/br_dfanbsb_arx_0_0_0417_d0001de0001.pdf"
  },
  {
    "title": "BR DFANBSB ARX.0.0.418 - questionário sobre ocorrência de objeto voador não identificado na região de marau, estado do rio grande do sul.\n - Dossiê",
    "link": "/br_dfanbsb_arx/0/0/0418/br_dfanbsb_arx_0_0_0418_d0001de0001.pdf"
  },
  {
    "title": "BR DFANBSB ARX.0.0.419 - questionário sobre ocorrência de objeto voador não identificado na região de novo hamburgo, estado do rio grande do sul.\n - Dossiê",
    "link": "/br_dfanbsb_arx/0/0/0419/br_dfanbsb_arx_0_0_0419_d0001de0001.pdf"
  },
  {
    "title": "BR DFANBSB ARX.0.0.420 - questionário sobre ocorrência de objeto voador não identificado na região de pelotas, estado do rio grande do sul.\n - Dossiê",
    "link": "/br_dfanbsb_arx/0/0/0420/br_dfanbsb_arx_0_0_0420_d0001de0001.pdf"
  },
  {
    "title": "BR DFANBSB ARX.0.0.421 - questionário sobre ocorrência de objeto voador não identificado na região do plano piloto, brasília, distrito federal.\n - Dossiê",
    "link": "/br_dfanbsb_arx/0/0/0421/br_dfanbsb_arx_0_0_0421_d0001de0001.pdf"
  },
  {
    "title": "BR DFANBSB ARX.0.0.422 - questionário sobre ocorrência de objeto voador não identificado na região de cachoeirinha, estado do rio grande do sul (?).\n - Dossiê",
    "link": "/br_dfanbsb_arx/0/0/0422/br_dfanbsb_arx_0_0_0422_d0001de0001.pdf"
  },
  {
    "title": "BR DFANBSB ARX.0.0.423 - questionário sobre ocorrência de objeto voador não identificado na região de taquara, estado do rio grande do sul.\n - Dossiê",
    "link": "/br_dfanbsb_arx/0/0/0423/br_dfanbsb_arx_0_0_0423_d0001de0001.pdf"
  },
  {
    "title": "BR DFANBSB ARX.0.0.424 - questionário sobre ocorrência de objeto voador não identificado na região de tapera, estado do rio grande do sul.\n - Dossiê",
    "link": "/br_dfanbsb_arx/0/0/0424/br_dfanbsb_arx_0_0_0424_d0001de0001.pdf"
  },
  {
    "title": "BR DFANBSB ARX.0.0.425 - questionário sobre ocorrência de objeto voador não identificado na região de porto alegre, estado do rio grande do sul.\n - Dossiê",
    "link": "/br_dfanbsb_arx/0/0/0425/br_dfanbsb_arx_0_0_0425_d0001de0001.pdf"
  },
  {
    "title": "BR DFANBSB ARX.0.0.426 - questionário sobre ocorrência de objeto voador não identificado na região entre caçapava do sul e cachoeira do sul, estado do rio grande do sul.\n - Dossiê",
    "link": "/br_dfanbsb_arx/0/0/0426/br_dfanbsb_arx_0_0_0426_d0001de0001.pdf"
  },
  {
    "title": "BR DFANBSB ARX.0.0.427 - questionário sobre ocorrência de objeto voador não identificado na região de curitiba, estado do paraná.\n - Dossiê",
    "link": "/br_dfanbsb_arx/0/0/0427/br_dfanbsb_arx_0_0_0427_d0001de0001.pdf"
  }
]