[
  {
    "title": "BR DFANBSB ARX.0.0.428 - questionário sobre ocorrência de objeto voador não identificado na região de são leopoldo, estado do rio grande do sul.\n - Dossiê",
    "link": "/br_dfanbsb_arx/0/0/0428/br_dfanbsb_arx_0_0_0428_d0001de0001.pdf"
  },
  {
    "title": "BR DFANBSB ARX.0.0.429 - questionário sobre ocorrência de objeto voador não identificado na região de são josé dos pinhais, estado do paraná.\n - Dossiê",
    "link": "/br_dfanbsb_arx/0/0/0429/br_dfanbsb_arx_0_0_0429_d0001de0001.pdf"
  },
  {
    "title": "BR DFANBSB ARX.0.0.430 - questionário sobre ocorrência de objeto voador não identificado na região de curitiba, estado do paraná.\n - Dossiê",
    "link": "/br_dfanbsb_arx/0/0/0430/br_dfanbsb_arx_0_0_0430_d0001de0001.pdf"
  },
  {
    "title": "BR DFANBSB ARX.0.0.431 - questionário sobre ocorrência de objeto voador não identificado na região de curitiba, estado do paraná (= br an,bsb arx.0.0.430).\n - Dossiê",
    "link": "/br_dfanbsb_arx/0/0/0431/br_dfanbsb_arx_0_0_0431_d0001de0001.pdf"
  },
  {
    "title": "BR DFANBSB ARX.0.0.432 - questionário sobre ocorrência de objeto voador não identificado na região de curitiba, estado do paraná.\n - Dossiê",
    "link": "/br_dfanbsb_arx/0/0/0432/br_dfanbsb_arx_0_0_0432_d0001de0001.pdf"
  },
  {
    "title": "BR DFANBSB ARX.0.0.433 - questionário sobre ocorrência de objeto voador não identificado na região de curitiba(?), estado do paraná (?).\n - Dossiê",
    "link": "/br_dfanbsb_arx/0/0/0433/br_dfanbsb_arx_0_0_0433_d0001de0001.pdf"
  },
  {
    "title": "BR DFANBSB ARX.0.0.434 - questionário sobre ocorrência de objeto voador não identificado (região não identificada).\n - Dossiê",
    "link": "/br_dfanbsb_arx/0/0/0434/br_dfanbsb_arx_0_0_0434_d0001de0001.pdf"
  },
  {
    "title": "BR DFANBSB ARX.0.0.435 - questionário sobre ocorrência de objeto voador não identificado na região de taguatinga, distrito federal.\n - Dossiê",
    "link": "/br_dfanbsb_arx/0/0/0435/br_dfanbsb_arx_0_0_0435_d0001de0001.pdf"
  },
  {
    "title": "BR DFANBSB ARX.0.0.436 - questionário sobre ocorrência de objeto voador não identificado.\n - Dossiê",
    "link": "/br_dfanbsb_arx/0/0/0436/br_dfanbsb_arx_0_0_0436_d0001de0001.pdf"
  },
  {
    "title": "BR DFANBSB ARX.0.0.437 - ofício n. 96/086 (guarujá - sp) encaminhando exemplares de boletins informativos supysáua e indagando sobre o caso da captura de criaturas estranhas em varginha, estado de minas gerais.\n - Dossiê",
    "link": "/br_dfanbsb_arx/0/0/0437/br_dfanbsb_arx_0_0_0437_d0001de0001.pdf"
  },
  {
    "title": "BR DFANBSB ARX.0.0.438 - questionário sobre ocorrência de objeto voador não  identificado, na região de lagoa formosa, planaltina (?), estado de goiás.\n - Dossiê",
    "link": "/br_dfanbsb_arx/0/0/0438/br_dfanbsb_arx_0_0_0438_d0001de0001.pdf"
  },
  {
    "title": "BR DFANBSB ARX.0.0.439 - questionário sobre ocorrência de objeto voador não identificado na região de gravataí (?), estado do rio grande do sul.\n - Dossiê",
    "link": "/br_dfanbsb_arx/0/0/0439/br_dfanbsb_arx_0_0_0439_d0001de0001.pdf"
  },
  {
    "title": "BR DFANBSB ARX.0.0.440 - questionário sobre ocorrência de objeto voador não identificado na região de curitiba, estado do paraná.\n - Dossiê",
    "link": "/br_dfanbsb_arx/0/0/0440/br_dfanbsb_arx_0_0_0440_d0001de0001.pdf"
  },
  {
    "title": "BR DFANBSB ARX.0.0.441 - questionário sobre ocorrência de objeto voador não identificado na região de cotolengo, curitiba, estado do paraná.\n - Dossiê",
    "link": "/br_dfanbsb_arx/0/0/0441/br_dfanbsb_arx_0_0_0441_d0001de0001.pdf"
  },
  {
    "title": "BR DFANBSB ARX.0.0.442 - questionário sobre ocorrência de objeto voador não identificado em caxambu, minas gerais.\n - Dossiê",
    "link": "/br_dfanbsb_arx/0/0/0442/br_dfanbsb_arx_0_0_0442_d0001de0001.pdf"
  },
  {
    "title": "BR DFANBSB ARX.0.0.443 - o caso do et de varginha. isto é. - Dossiê",
    "link": "/br_dfanbsb_arx/0/0/0443/br_dfanbsb_arx_0_0_0443_d0001de0001.pdf"
  },
  {
    "title": "BR DFANBSB ARX.0.0.444 - questionário sobre ocorrência de objeto voador não identificado (área não identificada).\n - Dossiê",
    "link": "/br_dfanbsb_arx/0/0/0444/br_dfanbsb_arx_0_0_0444_d0001de0001.pdf"
  },
  {
    "title": "BR DFANBSB ARX.0.0.445 - questionário sobre ocorrência de objeto voador não identificado, em brasília, distrito federal.\n - Dossiê",
    "link": "/br_dfanbsb_arx/0/0/0445/br_dfanbsb_arx_0_0_0445_d0001de0001.pdf"
  },
  {
    "title": "BR DFANBSB ARX.0.0.446 - questionário sobre ocorrência de objeto voador não identificado no bairro de santa cândida, curitiba, paraná.\n - Dossiê",
    "link": "/br_dfanbsb_arx/0/0/0446/br_dfanbsb_arx_0_0_0446_d0001de0001.pdf"
  },
  {
    "title": "BR DFANBSB ARX.0.0.447 - supysáua, boletim ufológico, ano 12, n. 40.\n - Dossiê",
    "link": "/br_dfanbsb_arx/0/0/0447/br_dfanbsb_arx_0_0_0447_d0001de0001.pdf"
  },
  {
    "title": "BR DFANBSB ARX.0.0.448 - questionário sobre ocorrência de objeto voador não identificado em brasília (?), distrito federal. \n - Dossiê",
    "link": "/br_dfanbsb_arx/0/0/0448/br_dfanbsb_arx_0_0_0448_d0001de0001.pdf"
  },
  {
    "title": "BR DFANBSB ARX.0.0.449 - questionário sobre ocorrência de objeto voador não identificado no distrito federal.\n - Dossiê",
    "link": "/br_dfanbsb_arx/0/0/0449/br_dfanbsb_arx_0_0_0449_d0001de0001.pdf"
  },
  {
    "title": "BR DFANBSB ARX.0.0.450 - questionário sobre ocorrência de objeto voador não identificado em florianópolis(?), santa catarina.\n - Dossiê",
    "link": "/br_dfanbsb_arx/0/0/0450/br_dfanbsb_arx_0_0_0450_d0001de0001.pdf"
  },
  {
    "title": "BR DFANBSB ARX.0.0.451 - et de varginha vira astro nos estados unidos. estado de minas. - Dossiê",
    "link": "/br_dfanbsb_arx/0/0/0451/br_dfanbsb_arx_0_0_0451_d0001de0001.pdf"
  },
  {
    "title": "BR DFANBSB ARX.0.0.452 - questionário sobre ocorrência de objeto voador não identificado em araçatuba, são paulo.\n - Dossiê",
    "link": "/br_dfanbsb_arx/0/0/0452/br_dfanbsb_arx_0_0_0452_d0001de0001.pdf"
  },
  {
    "title": "BR DFANBSB ARX.0.0.453 - questionário sobre ocorrência de objeto voador não identificado, próximo a  lages, santa catarina.\n - Dossiê",
    "link": "/br_dfanbsb_arx/0/0/0453/br_dfanbsb_arx_0_0_0453_d0001de0001.pdf"
  },
  {
    "title": "BR DFANBSB ARX.0.0.454 - questionário sobre ocorrência de objeto voador não identificado, em jardim das américas, curitiba, paraná.\n - Dossiê",
    "link": "/br_dfanbsb_arx/0/0/0454/br_dfanbsb_arx_0_0_0454_d0001de0001.pdf"
  },
  {
    "title": "BR DFANBSB ARX.0.0.455 - questionário sobre ocorrência de objeto voador não identificado em voo de palmas para goiânia, na altura de gurupi, tocantins.\n - Dossiê",
    "link": "/br_dfanbsb_arx/0/0/0455/br_dfanbsb_arx_0_0_0455_d0001de0001.pdf"
  },
  {
    "title": "BR DFANBSB ARX.0.0.456 - questionário sobre ocorrência de objeto voador não identificado em araçatuba, são paulo.\n - Dossiê",
    "link": "/br_dfanbsb_arx/0/0/0456/br_dfanbsb_arx_0_0_0456_d0001de0001.pdf"
  },
  {
    "title": "BR DFANBSB ARX.0.0.457 - ofício n. 18/do-opm/c-207 sobre avistamento de objeto voador não identificado em aracaju, sergipe.\n - Dossiê",
    "link": "/br_dfanbsb_arx/0/0/0457/br_dfanbsb_arx_0_0_0457_d0001de0001.pdf"
  },
  {
    "title": "BR DFANBSB ARX.0.0.458 - questionário sobre ocorrência de objeto voador não identificado em área não explicitada.\n - Dossiê",
    "link": "/br_dfanbsb_arx/0/0/0458/br_dfanbsb_arx_0_0_0458_d0001de0001.pdf"
  },
  {
    "title": "BR DFANBSB ARX.0.0.459 - questionário sobre ocorrência de objeto voador em planaltina, distrito federal.\n - Dossiê",
    "link": "/br_dfanbsb_arx/0/0/0459/br_dfanbsb_arx_0_0_0459_d0001de0001.pdf"
  },
  {
    "title": "BR DFANBSB ARX.0.0.460 - ofício n. 96/101 reiterando ofícios anteriores em que foram solicitados esclarecimentos sobre o caso varginha. - Dossiê",
    "link": "/br_dfanbsb_arx/0/0/0460/br_dfanbsb_arx_0_0_0460_d0001de0001.pdf"
  },
  {
    "title": "BR DFANBSB ARX.0.0.461 - ofício n° 20/do-opm/c-241 sobre avistamento de objeto voador não identificado em carpina, estado de pernambuco.\n - Dossiê",
    "link": "/br_dfanbsb_arx/0/0/0461/br_dfanbsb_arx_0_0_0461_d0001de0001.pdf"
  },
  {
    "title": "BR DFANBSB ARX.0.0.462 - os ets de varginha: dossiê completo.  planeta (revista). - Dossiê",
    "link": "/br_dfanbsb_arx/0/0/0462/br_dfanbsb_arx_0_0_0462_d0001de0001.pdf"
  },
  {
    "title": "BR DFANBSB ARX.0.0.463 - questionário sobre ocorrência de objeto voador em maceió, alagoas.\n - Dossiê",
    "link": "/br_dfanbsb_arx/0/0/0463/br_dfanbsb_arx_0_0_0463_d0001de0001.pdf"
  },
  {
    "title": "BR DFANBSB ARX.0.0.464 - oficio n° 32/do-opm/c-272 (recife) sobre ocorrência de avistamento de objeto voador não identificado em maceió, recife e itabuna, respectivamente estados de alagoas, pernambuco e bahia.\n - Dossiê",
    "link": "/br_dfanbsb_arx/0/0/0464/br_dfanbsb_arx_0_0_0464_d0001de0001.pdf"
  },
  {
    "title": "BR DFANBSB ARX.0.0.465 - carta encaminhando análise sobre ocorrência de avistamento de objeto voador não identificado sobre o presídio da papuda, no distrito federal, em abril de 1991.\n - Dossiê",
    "link": "/br_dfanbsb_arx/0/0/0465/br_dfanbsb_arx_0_0_0465_d0001de0001.pdf"
  },
  {
    "title": "BR DFANBSB ARX.0.0.466 - capital dos ovnis: na região da lagoa dos patos, rio grande do sul, testemunhas relatam 30 aparições em tres meses. isto é.\n - Dossiê",
    "link": "/br_dfanbsb_arx/0/0/0466/br_dfanbsb_arx_0_0_0466_d0001de0001.pdf"
  },
  {
    "title": "BR DFANBSB ARX.0.0.467 - questionário sobre ocorrência de objeto voador no bairro de areal, pelotas, rio grande do sul.\n - Dossiê",
    "link": "/br_dfanbsb_arx/0/0/0467/br_dfanbsb_arx_0_0_0467_d0001de0001.pdf"
  },
  {
    "title": "BR DFANBSB ARX.0.0.468 - ofício n° 645-sa encaminhando solicitação de informações sobre ocorrências de avistamento de objetos voadores não identificados em maio de 1986.\n - Dossiê",
    "link": "/br_dfanbsb_arx/0/0/0468/br_dfanbsb_arx_0_0_0468_d0001de0001.pdf"
  },
  {
    "title": "BR DFANBSB ARX.0.0.469 - questionário sobre ocorrência de objeto voador na região de brasília(?),  distrito federal.\n - Dossiê",
    "link": "/br_dfanbsb_arx/0/0/0469/br_dfanbsb_arx_0_0_0469_d0001de0001.pdf"
  },
  {
    "title": "BR DFANBSB ARX.0.0.470 - questionário sobre ocorrência de objeto voador em ceilândia, distrito federal.\n - Dossiê",
    "link": "/br_dfanbsb_arx/0/0/0470/br_dfanbsb_arx_0_0_0470_d0001de0001.pdf"
  },
  {
    "title": "BR DFANBSB ARX.0.0.471 - questionário sobre ocorrência de objeto voador não identificado na área de sobradinho, distrito federal.\n - Dossiê",
    "link": "/br_dfanbsb_arx/0/0/0471/br_dfanbsb_arx_0_0_0471_d0001de0001.pdf"
  },
  {
    "title": "BR DFANBSB ARX.0.0.472 - aviador diz ter visto nave em pelotas. supysáua, boletim ufológico, ano 12, n.  42.\n\n - Dossiê",
    "link": "/br_dfanbsb_arx/0/0/0472/br_dfanbsb_arx_0_0_0472_d0001de0001.pdf"
  },
  {
    "title": "BR DFANBSB ARX.0.0.473 - divulgação de palestras a serem proferidas por richard shapiro, nos dias 6 e 7 de janeiro, intituladas mistérios dos crânios de cristal revelados e ufos anos noventa, em brasília, patrocinadas pela th - Dossiê",
    "link": "/br_dfanbsb_arx/0/0/0473/br_dfanbsb_arx_0_0_0473_d0001de0001.pdf"
  },
  {
    "title": "BR DFANBSB ARX.0.0.474 - depoimento sobre avistamento de objeto voador não identificado em araçatuba, estado de são paulo.\n - Dossiê",
    "link": "/br_dfanbsb_arx/0/0/0474/br_dfanbsb_arx_0_0_0474_d0001de0001.pdf"
  },
  {
    "title": "BR DFANBSB ARX.0.0.475 - questionário sobre ocorrência de objeto voador em gravataí, rio grande do sul.\n - Dossiê",
    "link": "/br_dfanbsb_arx/0/0/0475/br_dfanbsb_arx_0_0_0475_d0001de0001.pdf"
  },
  {
    "title": "BR DFANBSB ARX.0.0.476 - ideia que ovni derrubou avião ganha força. a tribuna.\n - Dossiê",
    "link": "/br_dfanbsb_arx/0/0/0476/br_dfanbsb_arx_0_0_0476_d0001de0001.pdf"
  },
  {
    "title": "BR DFANBSB ARX.0.0.477 - questionário sobre ocorrência de objeto voador não identificado (região não explicitada).\n - Dossiê",
    "link": "/br_dfanbsb_arx/0/0/0477/br_dfanbsb_arx_0_0_0477_d0001de0001.pdf"
  }
]