[
  {
    "title": "BR DFANBSB ARX.0.0.478 - questionário sobre ocorrência de objeto voador não identificado, na região de canoas, rio grande do sul. \n - Dossiê",
    "link": "/br_dfanbsb_arx/0/0/0478/br_dfanbsb_arx_0_0_0478_d0001de0001.pdf"
  },
  {
    "title": "BR DFANBSB ARX.0.0.479 - questionário sobre ocorrência de objeto voador não identificado na região de foz do iguaçu, paraná.\n - Dossiê",
    "link": "/br_dfanbsb_arx/0/0/0479/br_dfanbsb_arx_0_0_0479_d0001de0001.pdf"
  },
  {
    "title": "BR DFANBSB ARX.0.0.480 - questionário sobre ocorrência de objeto voador não identificado em curitiba, paraná.\n - Dossiê",
    "link": "/br_dfanbsb_arx/0/0/0480/br_dfanbsb_arx_0_0_0480_d0001de0001.pdf"
  },
  {
    "title": "BR DFANBSB ARX.0.0.481 - questionário sobre ocorrência de objeto voador não identificado na região de taguatinga norte, distrito federal. - Dossiê",
    "link": "/br_dfanbsb_arx/0/0/0481/br_dfanbsb_arx_0_0_0481_d0001de0001.pdf"
  },
  {
    "title": "BR DFANBSB ARX.0.0.482 - questionário sobre ocorrência de objeto voador não identificado (região não declarada).\n - Dossiê",
    "link": "/br_dfanbsb_arx/0/0/0482/br_dfanbsb_arx_0_0_0482_d0001de0001.pdf"
  },
  {
    "title": "BR DFANBSB ARX.0.0.483 - questionário sobre ocorrência de objeto voador não identificado, na região de delfim moreira, belo horizonte, minas gerais.\n - Dossiê",
    "link": "/br_dfanbsb_arx/0/0/0483/br_dfanbsb_arx_0_0_0483_d0001de0001.pdf"
  },
  {
    "title": "BR DFANBSB ARX.0.0.484 - questionário sobre ocorrência de objeto voador não identificado, na região de corumbá, mato grosso do sul.\n - Dossiê",
    "link": "/br_dfanbsb_arx/0/0/0484/br_dfanbsb_arx_0_0_0484_d0001de0001.pdf"
  },
  {
    "title": "BR DFANBSB ARX.0.0.485 - questionário sobre ocorrência de objeto voador não identificado, na região de curitiba, paraná.\n - Dossiê",
    "link": "/br_dfanbsb_arx/0/0/0485/br_dfanbsb_arx_0_0_0485_d0001de0001.pdf"
  },
  {
    "title": "BR DFANBSB ARX.0.0.486 - questionário sobre ocorrência de objeto voador não identificado, na região de paranaguá, paraná.\n - Dossiê",
    "link": "/br_dfanbsb_arx/0/0/0486/br_dfanbsb_arx_0_0_0486_d0001de0001.pdf"
  },
  {
    "title": "BR DFANBSB ARX.0.0.487 - questionário sobre ocorrência de objeto voador não identificado, em área não explicitada, e relata ocorrência semelhante em resende, estado do rio de janeiro, nos anos de 1967 e 1968.  \n - Dossiê",
    "link": "/br_dfanbsb_arx/0/0/0487/br_dfanbsb_arx_0_0_0487_d0001de0001.pdf"
  },
  {
    "title": "BR DFANBSB ARX.0.0.488 - questionário sobre ocorrência de objeto voador não identificado, na região de curitiba, paraná.\n - Dossiê",
    "link": "/br_dfanbsb_arx/0/0/0488/br_dfanbsb_arx_0_0_0488_d0001de0001.pdf"
  },
  {
    "title": "BR DFANBSB ARX.0.0.489 - questionário sobre ocorrência de objeto voador não identificado, na região do aeroporto de ponta grossa.\n - Dossiê",
    "link": "/br_dfanbsb_arx/0/0/0489/br_dfanbsb_arx_0_0_0489_d0001de0001.pdf"
  },
  {
    "title": "BR DFANBSB ARX.0.0.490 - aeronáutica recolhe dados sobre ovnis. folha de são paulo. - Dossiê",
    "link": "/br_dfanbsb_arx/0/0/0490/br_dfanbsb_arx_0_0_0490_d0001de0001.pdf"
  },
  {
    "title": "BR DFANBSB ARX.0.0.491 - ovni no presídio da papuda, em brasília, distrito federal: correspondência sobre a ocorrência e o interesse do público no assunto, incluindo o grupo de estudos ufológicos da universidade de brasília - Dossiê",
    "link": "/br_dfanbsb_arx/0/0/0491/br_dfanbsb_arx_0_0_0491_d0001de0001.pdf"
  },
  {
    "title": "BR DFANBSB ARX.0.0.492 - fenômenos aeroespaciais, v. 3, n. 3: boletim bimestral, dedicado ao estudo de fenômenos aéreos e espaciais anômalos. \n\n - Dossiê",
    "link": "/br_dfanbsb_arx/0/0/0492/br_dfanbsb_arx_0_0_0492_d0001de0001.pdf"
  },
  {
    "title": "BR DFANBSB ARX.0.0.493 - arquivo x  brasileiro: aeronáutica guarda documentos com registros de vários casos de objetos voadores não identificados. isto é. - Dossiê",
    "link": "/br_dfanbsb_arx/0/0/0493/br_dfanbsb_arx_0_0_0493_d0001de0001.pdf"
  },
  {
    "title": "BR DFANBSB ARX.0.0.494 - questionário sobre ocorrência de objeto voador não identificado avistado em voo varig 343, rota rio-salvador.\n - Dossiê",
    "link": "/br_dfanbsb_arx/0/0/0494/br_dfanbsb_arx_0_0_0494_d0001de0001.pdf"
  },
  {
    "title": "BR DFANBSB ARX.0.0.495 - informe n. 006/97/dint-deped, encaminhando relatos de ocorrência de avistamento de objeto voador não identificado na região de cachimbo, pará, e em ilhéus, bahia. - Dossiê",
    "link": "/br_dfanbsb_arx/0/0/0495/br_dfanbsb_arx_0_0_0495_d0001de0001.pdf"
  },
  {
    "title": "BR DFANBSB ARX.0.0.496 - questionário sobre ocorrência de objeto voador não identificado no lago norte, em brasília, distrito federal.\n - Dossiê",
    "link": "/br_dfanbsb_arx/0/0/0496/br_dfanbsb_arx_0_0_0496_d0001de0001.pdf"
  },
  {
    "title": "BR DFANBSB ARX.0.0.497 - questionário sobre ocorrência de objeto voador não identificado no bairro de bom retiro (?).\n - Dossiê",
    "link": "/br_dfanbsb_arx/0/0/0497/br_dfanbsb_arx_0_0_0497_d0001de0001.pdf"
  },
  {
    "title": "BR DFANBSB ARX.0.0.498 - questionário sobre ocorrência de objeto voador não identificado na região de pinheirinho. - Dossiê",
    "link": "/br_dfanbsb_arx/0/0/0498/br_dfanbsb_arx_0_0_0498_d0001de0001.pdf"
  },
  {
    "title": "BR DFANBSB ARX.0.0.499 - oficio n. 005/djr/291  encaminhando pleitos de informações, esclarecimentos quanto a declarações aparentemente contraditórias de autoridades e acesso a documentos referentes a ocorrências e avistament - Dossiê",
    "link": "/br_dfanbsb_arx/0/0/0499/br_dfanbsb_arx_0_0_0499_d0001de0001.pdf"
  },
  {
    "title": "BR DFANBSB ARX.0.0.500 - questionário sobre ocorrência de objeto voador não identificado na região de pinheirinho.\n - Dossiê",
    "link": "/br_dfanbsb_arx/0/0/0500/br_dfanbsb_arx_0_0_0500_d0001de0001.pdf"
  },
  {
    "title": "BR DFANBSB ARX.0.0.501 - questionário sobre ocorrência de objeto voador não identificado, na região de cruz alta, rio grande do sul.\n - Dossiê",
    "link": "/br_dfanbsb_arx/0/0/0501/br_dfanbsb_arx_0_0_0501_d0001de0001.pdf"
  },
  {
    "title": "BR DFANBSB ARX.0.0.502 - carta solicitando acesso aos registros da operação prato, de cuja existência tomou conhecimento a partir de entrevista concedida pelo coronel uyrangê hollanda aos ufólogos gevaerd e petit.\n - Dossiê",
    "link": "/br_dfanbsb_arx/0/0/0502/br_dfanbsb_arx_0_0_0502_d0001de0001.pdf"
  },
  {
    "title": "BR DFANBSB ARX.0.0.503 - questionário sobre ocorrência de objeto voador não identificado, na região de champagnat, curitiba, paraná.\n - Dossiê",
    "link": "/br_dfanbsb_arx/0/0/0503/br_dfanbsb_arx_0_0_0503_d0001de0001.pdf"
  },
  {
    "title": "BR DFANBSB ARX.0.0.504 - carta de brasília: ufólogos brasileiros e estrangeiros reunidos no i forum mundial de ufologia, realizado em brasília entre os dias 7 a 14 de dezembro de 1997, pleiteiam que o ministério da aeronáutic - Dossiê",
    "link": "/br_dfanbsb_arx/0/0/0504/br_dfanbsb_arx_0_0_0504_d0001de0001.pdf"
  },
  {
    "title": "BR DFANBSB ARX.0.0.505 - questionário sobre ocorrência de objeto voador não identificado na região de bacacheri, curitiba, paraná.\n - Dossiê",
    "link": "/br_dfanbsb_arx/0/0/0505/br_dfanbsb_arx_0_0_0505_d0001de0001.pdf"
  },
  {
    "title": "BR DFANBSB ARX.0.0.506 - questionário sobre ocorrência de objeto voador não identificado, na região de batel, curitiba, paraná.\n - Dossiê",
    "link": "/br_dfanbsb_arx/0/0/0506/br_dfanbsb_arx_0_0_0506_d0001de0001.pdf"
  },
  {
    "title": "BR DFANBSB ARX.0.0.507 - questionário sobre ocorrência de objeto voador não identificado, na região de diamantino, mato grosso.\n - Dossiê",
    "link": "/br_dfanbsb_arx/0/0/0507/br_dfanbsb_arx_0_0_0507_d0001de0001.pdf"
  },
  {
    "title": "BR DFANBSB ARX.0.0.508 - questionário sobre ocorrência de objeto voador não identificado, na região de cabral, curitiba, paraná.\n - Dossiê",
    "link": "/br_dfanbsb_arx/0/0/0508/br_dfanbsb_arx_0_0_0508_d0001de0001.pdf"
  },
  {
    "title": "BR DFANBSB ARX.0.0.509 - questionário sobre ocorrência de objeto voador não identificado, na região de curitiba, paraná.\n - Dossiê",
    "link": "/br_dfanbsb_arx/0/0/0509/br_dfanbsb_arx_0_0_0509_d0001de0001.pdf"
  },
  {
    "title": "BR DFANBSB ARX.0.0.510 - questionário sobre ocorrência de objeto voador não identificado, na região de brasília, distrito federal.\n - Dossiê",
    "link": "/br_dfanbsb_arx/0/0/0510/br_dfanbsb_arx_0_0_0510_d0001de0001.pdf"
  },
  {
    "title": "BR DFANBSB ARX.0.0.511 - questionário sobre ocorrência de objeto voador não identificado, na região de água verde, curitiba, paraná.\n - Dossiê",
    "link": "/br_dfanbsb_arx/0/0/0511/br_dfanbsb_arx_0_0_0511_d0001de0001.pdf"
  },
  {
    "title": "BR DFANBSB ARX.0.0.512 - questionário sobre ocorrência de objeto voador não identificado, na região de tarumã, curitiba, paraná.\n - Dossiê",
    "link": "/br_dfanbsb_arx/0/0/0512/br_dfanbsb_arx_0_0_0512_d0001de0001.pdf"
  },
  {
    "title": "BR DFANBSB ARX.0.0.513 - questionário sobre ocorrência de objeto voador não identificado, na região de água verde, curitiba, paraná.\n - Dossiê",
    "link": "/br_dfanbsb_arx/0/0/0513/br_dfanbsb_arx_0_0_0513_d0001de0001.pdf"
  },
  {
    "title": "BR DFANBSB ARX.0.0.514 - carta reiterando solicitação de acesso aos filmes e fotografias referentes à operação prato, ou informação sobre o paradeiro desse material, cuja existência foi assegurada pelo coronel uyrangê bolívar - Dossiê",
    "link": "/br_dfanbsb_arx/0/0/0514/br_dfanbsb_arx_0_0_0514_d0001de0001.pdf"
  },
  {
    "title": "BR DFANBSB ARX.0.0.515 - questionário sobre ocorrência de objeto voador não identificado, na região do condomínio mansões colorado, sobradinho, distrito federal.\n - Dossiê",
    "link": "/br_dfanbsb_arx/0/0/0515/br_dfanbsb_arx_0_0_0515_d0001de0001.pdf"
  },
  {
    "title": "BR DFANBSB ARX.0.0.516 - questionário sobre ocorrência de objeto voador não identificado, na asa norte, plano piloto, distrito federal.\n - Dossiê",
    "link": "/br_dfanbsb_arx/0/0/0516/br_dfanbsb_arx_0_0_0516_d0001de0001.pdf"
  },
  {
    "title": "BR DFANBSB ARX.0.0.517 - questionário sobre ocorrência de objeto voador não identificado, na região de interlagos, são paulo.\n - Dossiê",
    "link": "/br_dfanbsb_arx/0/0/0517/br_dfanbsb_arx_0_0_0517_d0001de0001.pdf"
  },
  {
    "title": "BR DFANBSB ARX.0.0.518 - questionário sobre ocorrência de objeto voador não identificado, em chácara próxima a brasília, distrito federal.\n - Dossiê",
    "link": "/br_dfanbsb_arx/0/0/0518/br_dfanbsb_arx_0_0_0518_d0001de0001.pdf"
  },
  {
    "title": "BR DFANBSB ARX.0.0.519 - questionário sobre ocorrência de objeto voador não identificado, na região do setor bueno, goiânia, goiás.\n - Dossiê",
    "link": "/br_dfanbsb_arx/0/0/0519/br_dfanbsb_arx_0_0_0519_d0001de0001.pdf"
  },
  {
    "title": "BR DFANBSB ARX.0.0.520 - questionário sobre ocorrência de objeto voador não identificado, na região do park way, brasília, distrito federal.\n - Dossiê",
    "link": "/br_dfanbsb_arx/0/0/0520/br_dfanbsb_arx_0_0_0520_d0001de0001.pdf"
  },
  {
    "title": "BR DFANBSB ARX.0.0.521 - questionário sobre ocorrência de objeto voador não identificado, na br 040, entre os quilômetros 17 e 19.\n - Dossiê",
    "link": "/br_dfanbsb_arx/0/0/0521/br_dfanbsb_arx_0_0_0521_d0001de0001.pdf"
  },
  {
    "title": "BR DFANBSB ARX.0.0.522 - questionário sobre ocorrência de objeto voador não identificado, na região de água verde, curitiba, paraná.\n - Dossiê",
    "link": "/br_dfanbsb_arx/0/0/0522/br_dfanbsb_arx_0_0_0522_d0001de0001.pdf"
  },
  {
    "title": "BR DFANBSB ARX.0.0.523 - questionário sobre ocorrência de objeto voador não identificado, em região próxima a varginha, são tomé das letras, minas gerais.\n - Dossiê",
    "link": "/br_dfanbsb_arx/0/0/0523/br_dfanbsb_arx_0_0_0523_d0001de0001.pdf"
  },
  {
    "title": "BR DFANBSB ARX.0.0.524 - 2° despacho: avaliação do comando do comdabra sobre o projeto de cooperação civil e militar proposto por edison boaventura júnior, presidente do grupo ufológico do guarujá, para tratamento científico - Dossiê",
    "link": "/br_dfanbsb_arx/0/0/0524/br_dfanbsb_arx_0_0_0524_d0001de0001.pdf"
  },
  {
    "title": "BR DFANBSB ARX.0.0.525 - questionário sobre ocorrência de objeto voador não identificado, na região de recife, pernambuco.\n - Dossiê",
    "link": "/br_dfanbsb_arx/0/0/0525/br_dfanbsb_arx_0_0_0525_d0001de0001.pdf"
  },
  {
    "title": "BR DFANBSB ARX.0.0.526 - questionário sobre ocorrência de objeto voador não identificado, na região de curitiba, paraná. - Dossiê",
    "link": "/br_dfanbsb_arx/0/0/0526/br_dfanbsb_arx_0_0_0526_d0001de0001.pdf"
  },
  {
    "title": "BR DFANBSB ARX.0.0.527 - questionário sobre ocorrência de objeto voador não identificado, na região de curitiba, paraná.\n - Dossiê",
    "link": "/br_dfanbsb_arx/0/0/0527/br_dfanbsb_arx_0_0_0527_d0001de0001.pdf"
  }
]