[
  {
    "title": "BR DFANBSB ARX.0.0.528 - questionário sobre ocorrência de objeto voador não identificado, em região próxima a santo antônio de lisboa, santa catarina.\n - Dossiê",
    "link": "/br_dfanbsb_arx/0/0/0528/br_dfanbsb_arx_0_0_0528_d0001de0001.pdf"
  },
  {
    "title": "BR DFANBSB ARX.0.0.529 - questionário sobre ocorrência de objeto voador não identificado, na região da serra, sítio amarelinho e sítio joão dias,  município de pilõezinhos, paraíba.\n - Dossiê",
    "link": "/br_dfanbsb_arx/0/0/0529/br_dfanbsb_arx_0_0_0529_d0001de0001.pdf"
  },
  {
    "title": "BR DFANBSB ARX.0.0.530 - ufólogos questionam governo sobre ovnis. correio braziliense.\n - Dossiê",
    "link": "/br_dfanbsb_arx/0/0/0530/br_dfanbsb_arx_0_0_0530_d0001de0001.pdf"
  },
  {
    "title": "BR DFANBSB ARX.0.0.531 - questionário sobre ocorrência de objeto voador não identificado, na região de medianeira, município de santa maria, rio grande do sul.\n - Dossiê",
    "link": "/br_dfanbsb_arx/0/0/0531/br_dfanbsb_arx_0_0_0531_d0001de0001.pdf"
  },
  {
    "title": "BR DFANBSB ARX.0.0.532 - questionário sobre ocorrência de objeto voador não identificado, no bairro do boqueirão, próximo ao quartel do boqueirão, curitiba, paraná. - Dossiê",
    "link": "/br_dfanbsb_arx/0/0/0532/br_dfanbsb_arx_0_0_0532_d0001de0001.pdf"
  },
  {
    "title": "BR DFANBSB ARX.0.0.533 - questionário sobre ocorrência de objeto voador não identificado, na região de santa cândida, curitiba, paraná.\n - Dossiê",
    "link": "/br_dfanbsb_arx/0/0/0533/br_dfanbsb_arx_0_0_0533_d0001de0001.pdf"
  },
  {
    "title": "BR DFANBSB ARX.0.0.534 - questionário sobre ocorrência de objeto voador não identificado, entre luziânia e ipameri, goiás.\n - Dossiê",
    "link": "/br_dfanbsb_arx/0/0/0534/br_dfanbsb_arx_0_0_0534_d0001de0001.pdf"
  },
  {
    "title": "BR DFANBSB ARX.0.0.535 - questionário sobre ocorrência de objeto voador não identificado, na região de samambaia, brasília, distrito federal.\n - Dossiê",
    "link": "/br_dfanbsb_arx/0/0/0535/br_dfanbsb_arx_0_0_0535_d0001de0001.pdf"
  },
  {
    "title": "BR DFANBSB ARX.0.0.536 - questionário sobre ocorrência de objeto voador não identificado, na região de curitiba, paraná.\n - Dossiê",
    "link": "/br_dfanbsb_arx/0/0/0536/br_dfanbsb_arx_0_0_0536_d0001de0001.pdf"
  },
  {
    "title": "BR DFANBSB ARX.0.0.537 - questionário sobre ocorrência de objeto voador não identificado, na região de irati, paraná.\n - Dossiê",
    "link": "/br_dfanbsb_arx/0/0/0537/br_dfanbsb_arx_0_0_0537_d0001de0001.pdf"
  },
  {
    "title": "BR DFANBSB ARX.0.0.538 - questionário sobre ocorrência de objeto voador não identificado, na região de são tomé dos macacos, município de armazém, santa catarina.\n - Dossiê",
    "link": "/br_dfanbsb_arx/0/0/0538/br_dfanbsb_arx_0_0_0538_d0001de0001.pdf"
  },
  {
    "title": "BR DFANBSB ARX.0.0.539 - questionário sobre ocorrência de objeto voador não identificado, na região de rio doce, município de olinda, pernambuco.\n - Dossiê",
    "link": "/br_dfanbsb_arx/0/0/0539/br_dfanbsb_arx_0_0_0539_d0001de0001.pdf"
  },
  {
    "title": "BR DFANBSB ARX.0.0.540 - questionário sobre ocorrência de objeto voador não identificado, na região de vila ipiranga, porto alegre, rio grande do sul.\n - Dossiê",
    "link": "/br_dfanbsb_arx/0/0/0540/br_dfanbsb_arx_0_0_0540_d0001de0001.pdf"
  },
  {
    "title": "BR DFANBSB ARX.0.0.541 - questionário sobre ocorrência de objeto voador não identificado, na região de londrina, paraná.\n - Dossiê",
    "link": "/br_dfanbsb_arx/0/0/0541/br_dfanbsb_arx_0_0_0541_d0001de0001.pdf"
  },
  {
    "title": "BR DFANBSB ARX.0.0.542 - questionário sobre ocorrência de objeto voador não identificado, na região de sobradinho, distrito federal.\n - Dossiê",
    "link": "/br_dfanbsb_arx/0/0/0542/br_dfanbsb_arx_0_0_0542_d0001de0001.pdf"
  },
  {
    "title": "BR DFANBSB ARX.0.0.543 - questionário sobre ocorrência de objeto voador não identificado, na região de colombo, paraná.\n - Dossiê",
    "link": "/br_dfanbsb_arx/0/0/0543/br_dfanbsb_arx_0_0_0543_d0001de0001.pdf"
  },
  {
    "title": "BR DFANBSB ARX.0.0.544 - questionário sobre ocorrência de objeto voador não identificado, na região de sobradinho, distrito federal.\n - Dossiê",
    "link": "/br_dfanbsb_arx/0/0/0544/br_dfanbsb_arx_0_0_0544_d0001de0001.pdf"
  },
  {
    "title": "BR DFANBSB ARX.0.0.545 - questionário sobre ocorrência de objeto voador não identificado, na região de ribeirão preto, são paulo.\n - Dossiê",
    "link": "/br_dfanbsb_arx/0/0/0545/br_dfanbsb_arx_0_0_0545_d0001de0001.pdf"
  },
  {
    "title": "BR DFANBSB ARX.0.0.546 - questionário sobre ocorrência de objeto voador não identificado, na região do município de assis chateaubriand, paraná.\n - Dossiê",
    "link": "/br_dfanbsb_arx/0/0/0546/br_dfanbsb_arx_0_0_0546_d0001de0001.pdf"
  },
  {
    "title": "BR DFANBSB ARX.0.0.547 - questionário sobre ocorrência de objeto voador não identificado, na região de maria gorete, caruaru, pernambuco.\n - Dossiê",
    "link": "/br_dfanbsb_arx/0/0/0547/br_dfanbsb_arx_0_0_0547_d0001de0001.pdf"
  },
  {
    "title": "BR DFANBSB ARX.0.0.548 - questionário sobre ocorrência de objeto voador não identificado, na região da asa norte, brasília, distrito federal.\n - Dossiê",
    "link": "/br_dfanbsb_arx/0/0/0548/br_dfanbsb_arx_0_0_0548_d0001de0001.pdf"
  },
  {
    "title": "BR DFANBSB ARX.0.0.549 - questionário sobre ocorrência de objeto voador não identificado, na região de getulina, são paulo.\n - Dossiê",
    "link": "/br_dfanbsb_arx/0/0/0549/br_dfanbsb_arx_0_0_0549_d0001de0001.pdf"
  },
  {
    "title": "BR DFANBSB ARX.0.0.550 - questionário sobre ocorrência de objeto voador não identificado, na rota entre goiânia e campo grande.\n - Dossiê",
    "link": "/br_dfanbsb_arx/0/0/0550/br_dfanbsb_arx_0_0_0550_d0001de0001.pdf"
  },
  {
    "title": "BR DFANBSB ARX.0.0.551 - moradores afirmam ter visto ovni no mato grosso do sul, no município de chapadão do sul. folha de são paulo. - Dossiê",
    "link": "/br_dfanbsb_arx/0/0/0551/br_dfanbsb_arx_0_0_0551_d0001de0001.pdf"
  },
  {
    "title": "BR DFANBSB ARX.0.0.552 - questionário sobre ocorrência de objeto voador não identificado, em região próxima ao aeroporto de ribeirão preto.\n - Dossiê",
    "link": "/br_dfanbsb_arx/0/0/0552/br_dfanbsb_arx_0_0_0552_d0001de0001.pdf"
  },
  {
    "title": "BR DFANBSB ARX.0.0.553 - questionário sobre ocorrência de objeto voador não identificado, na região de campo mourão, paraná.\n - Dossiê",
    "link": "/br_dfanbsb_arx/0/0/0553/br_dfanbsb_arx_0_0_0553_d0001de0001.pdf"
  },
  {
    "title": "BR DFANBSB ARX.0.0.554 - questionário sobre ocorrência de objeto voador não identificado, entre porto nacional (tocantins) e minasul (mato grosso do sul), avistado por aeronave que seguia de palmas para brasília.\n - Dossiê",
    "link": "/br_dfanbsb_arx/0/0/0554/br_dfanbsb_arx_0_0_0554_d0001de0001.pdf"
  },
  {
    "title": "BR DFANBSB ARX.0.0.555 - questionário sobre ocorrência de objeto voador não identificado, na região de champagnat, curitiba, paraná.\n - Dossiê",
    "link": "/br_dfanbsb_arx/0/0/0555/br_dfanbsb_arx_0_0_0555_d0001de0001.pdf"
  },
  {
    "title": "BR DFANBSB ARX.0.0.556 - questionário sobre ocorrência de objeto voador não identificado em brasília, distrito federal.\n - Dossiê",
    "link": "/br_dfanbsb_arx/0/0/0556/br_dfanbsb_arx_0_0_0556_d0001de0001.pdf"
  },
  {
    "title": "BR DFANBSB ARX.0.0.557 - questionário sobre ocorrência de objeto voador não identificado em brasília.\n - Dossiê",
    "link": "/br_dfanbsb_arx/0/0/0557/br_dfanbsb_arx_0_0_0557_d0001de0001.pdf"
  },
  {
    "title": "BR DFANBSB ARX.0.0.558 - questionário sobre ocorrência de objeto voador não identificado, avistado em voo tam 809. - Dossiê",
    "link": "/br_dfanbsb_arx/0/0/0558/br_dfanbsb_arx_0_0_0558_d0001de0001.pdf"
  },
  {
    "title": "BR DFANBSB ARX.0.0.559 - questionário sobre ocorrência de objeto voador não identificado em região próxima a araraquara, são paulo. \n - Dossiê",
    "link": "/br_dfanbsb_arx/0/0/0559/br_dfanbsb_arx_0_0_0559_d0001de0001.pdf"
  },
  {
    "title": "BR DFANBSB ARX.0.0.560 - questionário sobre ocorrência de objeto voador não identificado, no bairro de batel, curitiba, paraná.\n - Dossiê",
    "link": "/br_dfanbsb_arx/0/0/0560/br_dfanbsb_arx_0_0_0560_d0001de0001.pdf"
  },
  {
    "title": "BR DFANBSB ARX.0.0.561 - questionário sobre ocorrência de objeto voador não identificado, no bairro de nazaré, em medianeiras, paraná.\n - Dossiê",
    "link": "/br_dfanbsb_arx/0/0/0561/br_dfanbsb_arx_0_0_0561_d0001de0001.pdf"
  },
  {
    "title": "BR DFANBSB ARX.0.0.562 - questionário sobre ocorrência de objeto voador não identificado, na região de pontezinha, cabo de santo agostinho, pernambuco.\n - Dossiê",
    "link": "/br_dfanbsb_arx/0/0/0562/br_dfanbsb_arx_0_0_0562_d0001de0001.pdf"
  },
  {
    "title": "BR DFANBSB ARX.0.0.563 - questionário sobre ocorrência de objeto voador não identificado, na região de pelotas, rio grande do sul.\n - Dossiê",
    "link": "/br_dfanbsb_arx/0/0/0563/br_dfanbsb_arx_0_0_0563_d0001de0001.pdf"
  },
  {
    "title": "BR DFANBSB ARX.0.0.564 - questionário sobre ocorrência de ovni em ceilândia norte, distrito federal.\n - Dossiê",
    "link": "/br_dfanbsb_arx/0/0/0564/br_dfanbsb_arx_0_0_0564_d0001de0001.pdf"
  },
  {
    "title": "BR DFANBSB ARX.0.0.565 - questionário sobre ocorrência de objeto voador não identificado em são paulo, são paulo.\n - Dossiê",
    "link": "/br_dfanbsb_arx/0/0/0565/br_dfanbsb_arx_0_0_0565_d0001de0001.pdf"
  },
  {
    "title": "BR DFANBSB ARX.0.0.566 - questionário sobre ocorrência de objeto voador não identificado em bela vista, são paulo.\n - Dossiê",
    "link": "/br_dfanbsb_arx/0/0/0566/br_dfanbsb_arx_0_0_0566_d0001de0001.pdf"
  },
  {
    "title": "BR DFANBSB ARX.0.0.567 - avistamento de ovni ocorrido no setor de indústria em brasília, distrito federal. - Dossiê",
    "link": "/br_dfanbsb_arx/0/0/0567/br_dfanbsb_arx_0_0_0567_d0001de0001.pdf"
  },
  {
    "title": "BR DFANBSB ARX.0.0.568 - avistamento de ovni em foz do iguaçu, no estado do paraná. - Dossiê",
    "link": "/br_dfanbsb_arx/0/0/0568/br_dfanbsb_arx_0_0_0568_d0001de0001.pdf"
  },
  {
    "title": "BR DFANBSB ARX.0.0.569 - avistamento de ovni em pilarzinho, curitiba, estado do paraná. - Dossiê",
    "link": "/br_dfanbsb_arx/0/0/0569/br_dfanbsb_arx_0_0_0569_d0001de0001.pdf"
  },
  {
    "title": "BR DFANBSB ARX.0.0.570 - avistamento de ovni no bairro de xaxim, cidade de curitiba, paraná. - Dossiê",
    "link": "/br_dfanbsb_arx/0/0/0570/br_dfanbsb_arx_0_0_0570_d0001de0001.pdf"
  },
  {
    "title": "BR DFANBSB ARX.0.0.571 - avistamento de ovni em passo da areia, cidade de porto alegre, rio grande de sul. - Dossiê",
    "link": "/br_dfanbsb_arx/0/0/0571/br_dfanbsb_arx_0_0_0571_d0001de0001.pdf"
  },
  {
    "title": "BR DFANBSB ARX.0.0.572 - questionário sobre avistamento de ovni  no bairro de rebouças em curitiba, paraná. - Dossiê",
    "link": "/br_dfanbsb_arx/0/0/0572/br_dfanbsb_arx_0_0_0572_d0001de0001.pdf"
  },
  {
    "title": "BR DFANBSB ARX.0.0.573 - relato sobre confirmação de avistamento no espaço aéreo próximo a petrolina, pernambuco. - Dossiê",
    "link": "/br_dfanbsb_arx/0/0/0573/br_dfanbsb_arx_0_0_0573_d0001de0001.pdf"
  },
  {
    "title": "BR DFANBSB ARX.0.0.574 - questionário respondido sobre avistamento de ovni em são josé dos pinhais, paraná. - Dossiê",
    "link": "/br_dfanbsb_arx/0/0/0574/br_dfanbsb_arx_0_0_0574_d0001de0001.pdf"
  },
  {
    "title": "BR DFANBSB ARX.0.0.575 - questionário sobre avistamento de ovni em florianópolis, estado de santa catarina. - Dossiê",
    "link": "/br_dfanbsb_arx/0/0/0575/br_dfanbsb_arx_0_0_0575_d0001de0001.pdf"
  },
  {
    "title": "BR DFANBSB ARX.0.0.576 - questionário sobre avistamento de ovni em curitiba, estado do paraná. - Dossiê",
    "link": "/br_dfanbsb_arx/0/0/0576/br_dfanbsb_arx_0_0_0576_d0001de0001.pdf"
  },
  {
    "title": "BR DFANBSB ARX.0.0.577 - questionário sobre avistamento de ovni na cidade de colombo, estado do paraná. - Dossiê",
    "link": "/br_dfanbsb_arx/0/0/0577/br_dfanbsb_arx_0_0_0577_d0001de0001.pdf"
  }
]