[
  {
    "title": "BR DFANBSB ARX.0.0.578 - questionário sobre avistamento de ovni ocorrido no polo de cinema em sobradinho, distrito federal. - Dossiê",
    "link": "/br_dfanbsb_arx/0/0/0578/br_dfanbsb_arx_0_0_0578_d0001de0001.pdf"
  },
  {
    "title": "BR DFANBSB ARX.0.0.579 - questionário sobre avistamento de ovni na estrada alexandra-matinhos, cidade de caiobá, paraná. - Dossiê",
    "link": "/br_dfanbsb_arx/0/0/0579/br_dfanbsb_arx_0_0_0579_d0001de0001.pdf"
  },
  {
    "title": "BR DFANBSB ARX.0.0.580 - questionário sobre avistamento de ovni na cidade de curitiba, paraná. - Dossiê",
    "link": "/br_dfanbsb_arx/0/0/0580/br_dfanbsb_arx_0_0_0580_d0001de0001.pdf"
  },
  {
    "title": "BR DFANBSB ARX.0.0.581 - questionário sobre avistamento de ovni no bairro de santa cândida, em curitiba, paraná. - Dossiê",
    "link": "/br_dfanbsb_arx/0/0/0581/br_dfanbsb_arx_0_0_0581_d0001de0001.pdf"
  },
  {
    "title": "BR DFANBSB ARX.0.0.582 - questionário sobre avistamento de ovni no bairro de champagnat em curitiba, paraná. - Dossiê",
    "link": "/br_dfanbsb_arx/0/0/0582/br_dfanbsb_arx_0_0_0582_d0001de0001.pdf"
  },
  {
    "title": "BR DFANBSB ARX.0.0.583 - questionário sobre avistamento de ovni na cidade de londrina, paraná. - Dossiê",
    "link": "/br_dfanbsb_arx/0/0/0583/br_dfanbsb_arx_0_0_0583_d0001de0001.pdf"
  },
  {
    "title": "BR DFANBSB ARX.0.0.584 - questionário sobre avistamento de ovni na praça rui barbosa, cidade de curitiba, paraná. - Dossiê",
    "link": "/br_dfanbsb_arx/0/0/0584/br_dfanbsb_arx_0_0_0584_d0001de0001.pdf"
  },
  {
    "title": "BR DFANBSB ARX.0.0.585 - questionário sobre avistamento de ovni em curitiba, paraná. - Dossiê",
    "link": "/br_dfanbsb_arx/0/0/0585/br_dfanbsb_arx_0_0_0585_d0001de0001.pdf"
  },
  {
    "title": "BR DFANBSB ARX.0.0.586 - questionário sobre avistamento de ovni cidade de curitiba, paraná. - Dossiê",
    "link": "/br_dfanbsb_arx/0/0/0586/br_dfanbsb_arx_0_0_0586_d0001de0001.pdf"
  },
  {
    "title": "BR DFANBSB ARX.0.0.587 - questionário sobre avistamento de ovni no bairro de santa cruz, cidade do rio de janeiro, rio de janeiro. - Dossiê",
    "link": "/br_dfanbsb_arx/0/0/0587/br_dfanbsb_arx_0_0_0587_d0001de0001.pdf"
  },
  {
    "title": "BR DFANBSB ARX.0.0.588 - questionário sobre avistamento de ovni na cidade de porecatu, paraná. - Dossiê",
    "link": "/br_dfanbsb_arx/0/0/0588/br_dfanbsb_arx_0_0_0588_d0001de0001.pdf"
  },
  {
    "title": "BR DFANBSB ARX.0.0.589 - questionário sobre avistamento de ovni em igarapava, são paulo. - Dossiê",
    "link": "/br_dfanbsb_arx/0/0/0589/br_dfanbsb_arx_0_0_0589_d0001de0001.pdf"
  },
  {
    "title": "BR DFANBSB ARX.0.0.590 - questionário sobre avistamento de ovni no bairro alto, cidade de curitiba, paraná. - Dossiê",
    "link": "/br_dfanbsb_arx/0/0/0590/br_dfanbsb_arx_0_0_0590_d0001de0001.pdf"
  },
  {
    "title": "BR DFANBSB ARX.0.0.591 - questionário sobre avistamento de ovni em montes claros, minas gerais. - Dossiê",
    "link": "/br_dfanbsb_arx/0/0/0591/br_dfanbsb_arx_0_0_0591_d0001de0001.pdf"
  },
  {
    "title": "BR DFANBSB ARX.0.0.592 - questionário sobre avistamento de ovni na cidade de iguarapava, são paulo. - Dossiê",
    "link": "/br_dfanbsb_arx/0/0/0592/br_dfanbsb_arx_0_0_0592_d0001de0001.pdf"
  },
  {
    "title": "BR DFANBSB ARX.0.0.593 - questionário sobre avistamento de ovni no guará i, brasília, distrito federal. - Dossiê",
    "link": "/br_dfanbsb_arx/0/0/0593/br_dfanbsb_arx_0_0_0593_d0001de0001.pdf"
  },
  {
    "title": "BR DFANBSB ARX.0.0.594 - questionário sobre avistamento de ovni no bairro de capão imbuia, cidade de curitiba, paraná. - Dossiê",
    "link": "/br_dfanbsb_arx/0/0/0594/br_dfanbsb_arx_0_0_0594_d0001de0001.pdf"
  },
  {
    "title": "BR DFANBSB ARX.0.0.595 - questionário sobre avistamento de ovni no lago sul, em brasília, distrito federal. - Dossiê",
    "link": "/br_dfanbsb_arx/0/0/0595/br_dfanbsb_arx_0_0_0595_d0001de0001.pdf"
  },
  {
    "title": "BR DFANBSB ARX.0.0.596 - questionário sobre avistamento de ovni em goiânia, goiás. - Dossiê",
    "link": "/br_dfanbsb_arx/0/0/0596/br_dfanbsb_arx_0_0_0596_d0001de0001.pdf"
  },
  {
    "title": "BR DFANBSB ARX.0.0.597 - questionário sobre avistamento de ovni em canoas, rio grande do sul. - Dossiê",
    "link": "/br_dfanbsb_arx/0/0/0597/br_dfanbsb_arx_0_0_0597_d0001de0001.pdf"
  },
  {
    "title": "BR DFANBSB ARX.0.0.598 - questionário sobre avistamento de ovni na esplanada dos ministérios, supremo tribunal de justiça, em brasília, distrito federal. - Dossiê",
    "link": "/br_dfanbsb_arx/0/0/0598/br_dfanbsb_arx_0_0_0598_d0001de0001.pdf"
  },
  {
    "title": "BR DFANBSB ARX.0.0.599 - questionário sobre avistamento de ovni em sobradinho, distrito federal. - Dossiê",
    "link": "/br_dfanbsb_arx/0/0/0599/br_dfanbsb_arx_0_0_0599_d0001de0001.pdf"
  },
  {
    "title": "BR DFANBSB ARX.0.0.600 - questionário sobre avistamento de ovni no bairro de guabirotuba, em curitiba, estado do paraná. - Dossiê",
    "link": "/br_dfanbsb_arx/0/0/0600/br_dfanbsb_arx_0_0_0600_d0001de0001.pdf"
  },
  {
    "title": "BR DFANBSB ARX.0.0.601 - questionário sobre avistamento de ovni na cidade de catalão, goiás. - Dossiê",
    "link": "/br_dfanbsb_arx/0/0/0601/br_dfanbsb_arx_0_0_0601_d0001de0001.pdf"
  },
  {
    "title": "BR DFANBSB ARX.0.0.602 - questionário sobre avistamento de ovni no bairro de bela vista, em paracatu, minas gerais. - Dossiê",
    "link": "/br_dfanbsb_arx/0/0/0602/br_dfanbsb_arx_0_0_0602_d0001de0001.pdf"
  },
  {
    "title": "BR DFANBSB ARX.0.0.603 - relatório descritivo da visualização de um objeto não identificado em anápolis, goiás, avistado por diversos militares da aeronáutica.\n - Dossiê",
    "link": "/br_dfanbsb_arx/0/0/0603/br_dfanbsb_arx_0_0_0603_d0001de0001.pdf"
  },
  {
    "title": "BR DFANBSB ARX.0.0.604 - questionário sobre avistamento de ovni em brasília, distrito federal. - Dossiê",
    "link": "/br_dfanbsb_arx/0/0/0604/br_dfanbsb_arx_0_0_0604_d0001de0001.pdf"
  },
  {
    "title": "BR DFANBSB ARX.0.0.605 - questionário sobre avistamento de ovni em dourados, mato grosso do sul. - Dossiê",
    "link": "/br_dfanbsb_arx/0/0/0605/br_dfanbsb_arx_0_0_0605_d0001de0001.pdf"
  },
  {
    "title": "BR DFANBSB ARX.0.0.606 - questionário sobre avistamento de ovni no bairro alto, em curitiba, paraná. - Dossiê",
    "link": "/br_dfanbsb_arx/0/0/0606/br_dfanbsb_arx_0_0_0606_d0001de0001.pdf"
  },
  {
    "title": "BR DFANBSB ARX.0.0.607 - questionário sobre avistamento de ovni no bairro de champagnat, cidade de curitiba, paraná. - Dossiê",
    "link": "/br_dfanbsb_arx/0/0/0607/br_dfanbsb_arx_0_0_0607_d0001de0001.pdf"
  },
  {
    "title": "BR DFANBSB ARX.0.0.608 - questionário sobre avistamento de ovni no bairro cabral, em curitiba, paraná. \n - Dossiê",
    "link": "/br_dfanbsb_arx/0/0/0608/br_dfanbsb_arx_0_0_0608_d0001de0001.pdf"
  },
  {
    "title": "BR DFANBSB ARX.0.0.609 - questionário sobre avistamento de ovni no bairro vila nova, cidade de goiânia, goiás. - Dossiê",
    "link": "/br_dfanbsb_arx/0/0/0609/br_dfanbsb_arx_0_0_0609_d0001de0001.pdf"
  },
  {
    "title": "BR DFANBSB ARX.0.0.610 - questionário com relato sobre avistamento de ovni percebido no bairro do lebron em direção a jacarepaguá, rio de janeiro, rio de janeiro. - Dossiê",
    "link": "/br_dfanbsb_arx/0/0/0610/br_dfanbsb_arx_0_0_0610_d0001de0001.pdf"
  },
  {
    "title": "BR DFANBSB ARX.0.0.611 - questionário sobre avistamento de ovni próximo ao canal são gonçalo, cidade de pelotas, rio grande do sul. - Dossiê",
    "link": "/br_dfanbsb_arx/0/0/0611/br_dfanbsb_arx_0_0_0611_d0001de0001.pdf"
  },
  {
    "title": "BR DFANBSB ARX.0.0.612 - envio de casos pesquisados sobre objeto voador não identificado - ovni por meio de carta endereçada a militar do comando de defesa aeroespacial brasileiro/condabra, porém sem os anexos citados. - Dossiê",
    "link": "/br_dfanbsb_arx/0/0/0612/br_dfanbsb_arx_0_0_0612_d0001de0001.pdf"
  },
  {
    "title": "BR DFANBSB ARX.0.0.613 - questionário sobre avistamento de ovni relatado por operador em são luís/ma. o mesmo fato foi confirmado por pilotos que trafegavam na rota teresina-são luís; fortaleza-são luís; bem como na capital m - Dossiê",
    "link": "/br_dfanbsb_arx/0/0/0613/br_dfanbsb_arx_0_0_0613_d0001de0001.pdf"
  },
  {
    "title": "BR DFANBSB ARX.0.0.614 - questionário sobre avistamento de ovni no bairro boqueirão, em curitiba, paraná. - Dossiê",
    "link": "/br_dfanbsb_arx/0/0/0614/br_dfanbsb_arx_0_0_0614_d0001de0001.pdf"
  },
  {
    "title": "BR DFANBSB ARX.0.0.615 - teoria sobre objeto voador não identificado (ovni) e extraterrestres (et). - Dossiê",
    "link": "/br_dfanbsb_arx/0/0/0615/br_dfanbsb_arx_0_0_0615_d0001de0001.pdf"
  },
  {
    "title": "BR DFANBSB ARX.0.0.616 - questionário sobre avistamento de ovni no bairro parque anhanquera, na cidade de goiânia, goiás. - Dossiê",
    "link": "/br_dfanbsb_arx/0/0/0616/br_dfanbsb_arx_0_0_0616_d0001de0001.pdf"
  },
  {
    "title": "BR DFANBSB ARX.0.0.617 - questionário sobre avistamento de ovni em estirão do equador, amazonas. - Dossiê",
    "link": "/br_dfanbsb_arx/0/0/0617/br_dfanbsb_arx_0_0_0617_d0001de0001.pdf"
  },
  {
    "title": "BR DFANBSB ARX.0.0.618 - questionário sobre avistamento de ovni no bairro morro são brás, em curitiba, paraná. - Dossiê",
    "link": "/br_dfanbsb_arx/0/0/0618/br_dfanbsb_arx_0_0_0618_d0001de0001.pdf"
  },
  {
    "title": "BR DFANBSB ARX.0.0.619 - questionário sobre avistamento de ovni no bairro centro sul, em cuiabá, mato grosso. - Dossiê",
    "link": "/br_dfanbsb_arx/0/0/0619/br_dfanbsb_arx_0_0_0619_d0001de0001.pdf"
  },
  {
    "title": "BR DFANBSB ARX.0.0.620 - questionário sobre avistamento de ovni no gama sul, brasília, distrito federal. - Dossiê",
    "link": "/br_dfanbsb_arx/0/0/0620/br_dfanbsb_arx_0_0_0620_d0001de0001.pdf"
  },
  {
    "title": "BR DFANBSB ARX.0.0.621 - questionário sobre avistamento de ovni no bairro rio branco, porto alegre, estado do rio grande do sul. - Dossiê",
    "link": "/br_dfanbsb_arx/0/0/0621/br_dfanbsb_arx_0_0_0621_d0001de0001.pdf"
  },
  {
    "title": "BR DFANBSB ARX.0.0.622 - questionário sobre avistamento de ovni no bairro parque anhanguera em goiânia, goiás. - Dossiê",
    "link": "/br_dfanbsb_arx/0/0/0622/br_dfanbsb_arx_0_0_0622_d0001de0001.pdf"
  },
  {
    "title": "BR DFANBSB ARX.0.0.623 - questionário com relato sobre avistamento de ovni em vila gumercindo, cidade de são paulo, são paulo. - Dossiê",
    "link": "/br_dfanbsb_arx/0/0/0623/br_dfanbsb_arx_0_0_0623_d0001de0001.pdf"
  },
  {
    "title": "BR DFANBSB ARX.0.0.624 - questionário com relato sobre avistamento de ovni em alto da xv, curitita, estado do paraná. - Dossiê",
    "link": "/br_dfanbsb_arx/0/0/0624/br_dfanbsb_arx_0_0_0624_d0001de0001.pdf"
  },
  {
    "title": "BR DFANBSB ARX.0.0.625 - questionário relata avistamento de ovni no bairro de batel, em curitiba, estado do paraná. - Dossiê",
    "link": "/br_dfanbsb_arx/0/0/0625/br_dfanbsb_arx_0_0_0625_d0001de0001.pdf"
  },
  {
    "title": "BR DFANBSB ARX.0.0.626 - questionário sobre relato de avistamento de ovni no município de parobé, rio grande do sul. - Dossiê",
    "link": "/br_dfanbsb_arx/0/0/0626/br_dfanbsb_arx_0_0_0626_d0001de0001.pdf"
  },
  {
    "title": "BR DFANBSB ARX.0.0.627 - questionário com relato sobre avistamento de ovni em curitiba, paraná. - Dossiê",
    "link": "/br_dfanbsb_arx/0/0/0627/br_dfanbsb_arx_0_0_0627_d0001de0001.pdf"
  }
]