[
  {
    "title": "BR DFANBSB ARX.0.0.628 - questionário com relato sobre avistamento de ovni no bairro navegantes, porto alegre, rio grande do sul. - Dossiê",
    "link": "/br_dfanbsb_arx/0/0/0628/br_dfanbsb_arx_0_0_0628_d0001de0001.pdf"
  },
  {
    "title": "BR DFANBSB ARX.0.0.629 - questionário com relato sobre avistamento de ovni em sobradinho, distrito federal. - Dossiê",
    "link": "/br_dfanbsb_arx/0/0/0629/br_dfanbsb_arx_0_0_0629_d0001de0001.pdf"
  },
  {
    "title": "BR DFANBSB ARX.0.0.630 - questionário com relato sobre avistamento de ovni em novo hamburgo, rio grande do sul. - Dossiê",
    "link": "/br_dfanbsb_arx/0/0/0630/br_dfanbsb_arx_0_0_0630_d0001de0001.pdf"
  },
  {
    "title": "BR DFANBSB ARX.0.0.631 - questionário com relato sobre avistamento de ovni em são josé dos pinhais, curitiba, paraná. - Dossiê",
    "link": "/br_dfanbsb_arx/0/0/0631/br_dfanbsb_arx_0_0_0631_d0001de0001.pdf"
  },
  {
    "title": "BR DFANBSB ARX.0.0.632 - questionário com relato sobre avistamento de ovni em curitiba, paraná. - Dossiê",
    "link": "/br_dfanbsb_arx/0/0/0632/br_dfanbsb_arx_0_0_0632_d0001de0001.pdf"
  },
  {
    "title": "BR DFANBSB ARX.0.0.633 - questionário com relato sobre avistamento de ovni no aeroporto internacional de viracopos, cidade de campinas, são paulo. - Dossiê",
    "link": "/br_dfanbsb_arx/0/0/0633/br_dfanbsb_arx_0_0_0633_d0001de0001.pdf"
  },
  {
    "title": "BR DFANBSB ARX.0.0.634 - questionário com relato sobre avistamento de ovni em belo horizonte, minas gerais.\n - Dossiê",
    "link": "/br_dfanbsb_arx/0/0/0634/br_dfanbsb_arx_0_0_0634_d0001de0001.pdf"
  },
  {
    "title": "BR DFANBSB ARX.0.0.635 - questionário com relato sobre avistamento de ovni em senador firmino, minas gerais. - Dossiê",
    "link": "/br_dfanbsb_arx/0/0/0635/br_dfanbsb_arx_0_0_0635_d0001de0001.pdf"
  },
  {
    "title": "BR DFANBSB ARX.0.0.636 - questionário com relato sobre avistamento de ovni em guarapuava, paraná.\n - Dossiê",
    "link": "/br_dfanbsb_arx/0/0/0636/br_dfanbsb_arx_0_0_0636_d0001de0001.pdf"
  },
  {
    "title": "BR DFANBSB ARX.0.0.637 - questionário com relato sobre avistamento de ovni por pilotos não identificados. - Dossiê",
    "link": "/br_dfanbsb_arx/0/0/0637/br_dfanbsb_arx_0_0_0637_d0001de0001.pdf"
  },
  {
    "title": "BR DFANBSB ARX.0.0.638 - transcrição de diálogo sobre avistamento de objeto voador não identificado no espaço aéreo de curitiba, paraná. - Dossiê",
    "link": "/br_dfanbsb_arx/0/0/0638/br_dfanbsb_arx_0_0_0638_d0001de0001.pdf"
  },
  {
    "title": "BR DFANBSB ARX.0.0.639 - ocorrência com tráfego hotel em goiânia, goiás. - Dossiê",
    "link": "/br_dfanbsb_arx/0/0/0639/br_dfanbsb_arx_0_0_0639_d0001de0001.pdf"
  },
  {
    "title": "BR DFANBSB ARX.0.0.640 - encaminhamento de registro de ocorrência de objeto voador não identificado na região de anápolis, goiás. - Dossiê",
    "link": "/br_dfanbsb_arx/0/0/0640/br_dfanbsb_arx_0_0_0640_d0001de0001.pdf"
  },
  {
    "title": "BR DFANBSB ARX.0.0.641 - ocorrência de tráfego hotel na região de manaus, estado do amazonas. - Dossiê",
    "link": "/br_dfanbsb_arx/0/0/0641/br_dfanbsb_arx_0_0_0641_d0001de0001.pdf"
  },
  {
    "title": "BR DFANBSB ARX.0.0.642 - relatório sumário sobre ocorrência de objeto voador não identificado na praia do campeche, florianópolis, santa catarina. - Dossiê",
    "link": "/br_dfanbsb_arx/0/0/0642/br_dfanbsb_arx_0_0_0642_d0001de0001.pdf"
  },
  {
    "title": "BR DFANBSB ARX.0.0.643 - ocorrência com tráfego hotel em curitiba, paraná. - Dossiê",
    "link": "/br_dfanbsb_arx/0/0/0643/br_dfanbsb_arx_0_0_0643_d0001de0001.pdf"
  },
  {
    "title": "BR DFANBSB ARX.0.0.644 - ocorrência com tráfego hotel ... - Dossiê",
    "link": "/br_dfanbsb_arx/0/0/0644/br_dfanbsb_arx_0_0_0644_d0001de0001.pdf"
  },
  {
    "title": "BR DFANBSB ARX.0.0.645 - resposta a requerimento de informação n. 1925, de 2004,  do deputado joão caldas, sobre procedimentos de registro e análise de ocorrências de objetos voadores não identificados, incluindo resumo de re - Dossiê",
    "link": "/br_dfanbsb_arx/0/0/0645/br_dfanbsb_arx_0_0_0645_d0001de0001.pdf"
  },
  {
    "title": "BR DFANBSB ARX.0.0.646 - fax comunicando autorização de pesquisa documental. - Dossiê",
    "link": "/br_dfanbsb_arx/0/0/0646/br_dfanbsb_arx_0_0_0646_d0001de0001.pdf"
  },
  {
    "title": "BR DFANBSB ARX.0.0.647 - correspondência a propósito de pleito do grupo ufo-gênesis  para acesso a informações sobre as pesquisas e acompanhamento de ocorrências relacionadas a objetos voadores não identificados. - Dossiê",
    "link": "/br_dfanbsb_arx/0/0/0647/br_dfanbsb_arx_0_0_0647_d0001de0001.pdf"
  },
  {
    "title": "BR DFANBSB ARX.0.0.648 - ocorrência com tráfego hotel na região de vera cruz. - Dossiê",
    "link": "/br_dfanbsb_arx/0/0/0648/br_dfanbsb_arx_0_0_0648_d0001de0001.pdf"
  },
  {
    "title": "BR DFANBSB ARX.0.0.649 - ocorrência com tráfego hotel na região de curitiba, paraná. - Dossiê",
    "link": "/br_dfanbsb_arx/0/0/0649/br_dfanbsb_arx_0_0_0649_d0001de0001.pdf"
  },
  {
    "title": "BR DFANBSB ARX.0.0.650 - ocorrência com tráfego hotel em cachoeirinha, rio grande do sul. - Dossiê",
    "link": "/br_dfanbsb_arx/0/0/0650/br_dfanbsb_arx_0_0_0650_d0001de0001.pdf"
  },
  {
    "title": "BR DFANBSB ARX.0.0.651 - ocorrência com tráfego hotel no rio janeiro. - Dossiê",
    "link": "/br_dfanbsb_arx/0/0/0651/br_dfanbsb_arx_0_0_0651_d0001de0001.pdf"
  },
  {
    "title": "BR DFANBSB ARX.0.0.652 - ocorrência com tráfego hotel em região próxima a natal, rio grande do norte. - Dossiê",
    "link": "/br_dfanbsb_arx/0/0/0652/br_dfanbsb_arx_0_0_0652_d0001de0001.pdf"
  },
  {
    "title": "BR DFANBSB ARX.0.0.653 - ocorrência com tráfego hotel em rota de voo da tam 8004, de  são paulo para buenos aires. - Dossiê",
    "link": "/br_dfanbsb_arx/0/0/0653/br_dfanbsb_arx_0_0_0653_d0001de0001.pdf"
  },
  {
    "title": "BR DFANBSB ARX.0.0.654 - ocorrência de tráfego hotel entre recife, estado de pernambuco, e joão pessoa, estado da paraíba. - Dossiê",
    "link": "/br_dfanbsb_arx/0/0/0654/br_dfanbsb_arx_0_0_0654_d0001de0001.pdf"
  },
  {
    "title": "BR DFANBSB ARX.0.0.655 - ocorrência com tráfego hotel na região de florianópolis, santa catarina. - Dossiê",
    "link": "/br_dfanbsb_arx/0/0/0655/br_dfanbsb_arx_0_0_0655_d0001de0001.pdf"
  },
  {
    "title": "BR DFANBSB ARX.0.0.656 - ocorrência com tráfego hotel no rio de janeiro, entre os bairros de botafogo e flamengo. - Dossiê",
    "link": "/br_dfanbsb_arx/0/0/0656/br_dfanbsb_arx_0_0_0656_d0001de0001.pdf"
  },
  {
    "title": "BR DFANBSB ARX.0.0.657 - ocorrência com tráfego hotel na região de curitiba, paraná. - Dossiê",
    "link": "/br_dfanbsb_arx/0/0/0657/br_dfanbsb_arx_0_0_0657_d0001de0001.pdf"
  },
  {
    "title": "BR DFANBSB ARX.0.0.658 - ocorrência com tráfego hotel na região entre itajubá e são lourenço, minas gerais. - Dossiê",
    "link": "/br_dfanbsb_arx/0/0/0658/br_dfanbsb_arx_0_0_0658_d0001de0001.pdf"
  },
  {
    "title": "BR DFANBSB ARX.0.0.659 - ocorrência com tráfego hotel na região de uberlândia, minas gerais. - Dossiê",
    "link": "/br_dfanbsb_arx/0/0/0659/br_dfanbsb_arx_0_0_0659_d0001de0001.pdf"
  },
  {
    "title": "BR DFANBSB ARX.0.0.660 - ocorrência de tráfego hotel na região de aracaju, sergipe. - Dossiê",
    "link": "/br_dfanbsb_arx/0/0/0660/br_dfanbsb_arx_0_0_0660_d0001de0001.pdf"
  },
  {
    "title": "BR DFANBSB ARX.0.0.661 - ocorrência de tráfego hotel na região de manaus, amazonas. - Dossiê",
    "link": "/br_dfanbsb_arx/0/0/0661/br_dfanbsb_arx_0_0_0661_d0001de0001.pdf"
  },
  {
    "title": "BR DFANBSB ARX.0.0.662 - ocorrência de tráfego hotel na região de santarém, pará. - Dossiê",
    "link": "/br_dfanbsb_arx/0/0/0662/br_dfanbsb_arx_0_0_0662_d0001de0001.pdf"
  },
  {
    "title": "BR DFANBSB ARX.0.0.663 - ocorrência de tráfego hotel na região de manaus, amazonas. - Dossiê",
    "link": "/br_dfanbsb_arx/0/0/0663/br_dfanbsb_arx_0_0_0663_d0001de0001.pdf"
  },
  {
    "title": "BR DFANBSB ARX.0.0.664 - ocorrência com tráfego hotel na região de camapuã, mato grosso do sul. - Dossiê",
    "link": "/br_dfanbsb_arx/0/0/0664/br_dfanbsb_arx_0_0_0664_d0001de0001.pdf"
  },
  {
    "title": "BR DFANBSB ARX.0.0.665 - ocorrência de tráfego hotel na região de una, bahia. - Dossiê",
    "link": "/br_dfanbsb_arx/0/0/0665/br_dfanbsb_arx_0_0_0665_d0001de0001.pdf"
  },
  {
    "title": "BR DFANBSB ARX.0.0.666 - ocorrência de tráfego hotel na região de santarém, pará. - Dossiê",
    "link": "/br_dfanbsb_arx/0/0/0666/br_dfanbsb_arx_0_0_0666_d0001de0001.pdf"
  },
  {
    "title": "BR DFANBSB ARX.0.0.667 - ocorrência de tráfego hotel na região de florianópolis, santa catarina. - Dossiê",
    "link": "/br_dfanbsb_arx/0/0/0667/br_dfanbsb_arx_0_0_0667_d0001de0001.pdf"
  },
  {
    "title": "BR DFANBSB ARX.0.0.668 - ocorrência de tráfego hotel na região de curitiba, paraná. - Dossiê",
    "link": "/br_dfanbsb_arx/0/0/0668/br_dfanbsb_arx_0_0_0668_d0001de0001.pdf"
  },
  {
    "title": "BR DFANBSB ARX.0.0.669 - ocorrência de tráfego hotel em lagoa de carcará, nísia floresta, estado do rio grande do norte. - Dossiê",
    "link": "/br_dfanbsb_arx/0/0/0669/br_dfanbsb_arx_0_0_0669_d0001de0001.pdf"
  },
  {
    "title": "BR DFANBSB ARX.0.0.670 - ocorrência de tráfego hotel detectado por radar na região de goiás, já distante da base aérea de anápolis. - Dossiê",
    "link": "/br_dfanbsb_arx/0/0/0670/br_dfanbsb_arx_0_0_0670_d0001de0001.pdf"
  },
  {
    "title": "BR DFANBSB ARX.0.0.671 - ocorrência de tráfego hotel no bairro santa maria de codipe, em teresina, estado do piauí. - Dossiê",
    "link": "/br_dfanbsb_arx/0/0/0671/br_dfanbsb_arx_0_0_0671_d0001de0001.pdf"
  },
  {
    "title": "BR DFANBSB ARX.0.0.672 - ocorrência de tráfego hotel na região de alegrete, rio grande do sul. - Dossiê",
    "link": "/br_dfanbsb_arx/0/0/0672/br_dfanbsb_arx_0_0_0672_d0001de0001.pdf"
  },
  {
    "title": "BR DFANBSB ARX.0.0.673 - ocorrência de tráfego hotel em rota de belém, pará,  para fortaleza, ceará. - Dossiê",
    "link": "/br_dfanbsb_arx/0/0/0673/br_dfanbsb_arx_0_0_0673_d0001de0001.pdf"
  },
  {
    "title": "BR DFANBSB ARX.0.0.674 - relato de ocorrência de tráfego hotel na região de norte. - Dossiê",
    "link": "/br_dfanbsb_arx/0/0/0674/br_dfanbsb_arx_0_0_0674_d0001de0001.pdf"
  },
  {
    "title": "BR DFANBSB ARX.0.0.675 - ocorrência de tráfego hotel na região do aeroporto eduardo gomes, em manaus, amazonas. - Dossiê",
    "link": "/br_dfanbsb_arx/0/0/0675/br_dfanbsb_arx_0_0_0675_d0001de0001.pdf"
  },
  {
    "title": "BR DFANBSB ARX.0.0.676 - questionário sobre avistamento de ovni em londrina, paraná. - Dossiê",
    "link": "/br_dfanbsb_arx/0/0/0676/br_dfanbsb_arx_0_0_0676_d0001de0001.pdf"
  },
  {
    "title": "BR DFANBSB ARX.0.0.677 - questionário sobre ocorrência de objeto voador não identificado, de 30 de junho de 2011.\n - Dossiê",
    "link": "/br_dfanbsb_arx/0/0/0677/br_dfanbsb_arx_0_0_0677_d0001de0001.pdf"
  }
]