[
  {
    "title": "BR DFANBSB ARX.0.0.678 - questionário sobre ocorrência de objeto voador não identificado, de 16 de julho de 2011.\n - Dossiê",
    "link": "/br_dfanbsb_arx/0/0/0678/br_dfanbsb_arx_0_0_0678_d0001de0001.pdf"
  },
  {
    "title": "BR DFANBSB ARX.0.0.679 - questionário sobre ocorrência de ovni, no cruzeiro, brasília, df.\n - Dossiê",
    "link": "/br_dfanbsb_arx/0/0/0679/br_dfanbsb_arx_0_0_0679_d0001de0001.pdf"
  },
  {
    "title": "BR DFANBSB ARX.0.0.680 - questionário sobre ocorrência de objeto voador não identificado, em recife, pernambuco.\n - Dossiê",
    "link": "/br_dfanbsb_arx/0/0/0680/br_dfanbsb_arx_0_0_0680_d0001de0001.pdf"
  },
  {
    "title": "BR DFANBSB ARX.0.0.681 - questionário sobre ocorrência de objeto voador não identificado, em palmas, tocantins.\n - Dossiê",
    "link": "/br_dfanbsb_arx/0/0/0681/br_dfanbsb_arx_0_0_0681_d0001de0001.pdf"
  },
  {
    "title": "BR DFANBSB ARX.0.0.682 - questionário sobre ocorrência de objeto voador não identificado, em alegrete, rio grande do sul. \n - Dossiê",
    "link": "/br_dfanbsb_arx/0/0/0682/br_dfanbsb_arx_0_0_0682_d0001de0001.pdf"
  },
  {
    "title": "BR DFANBSB ARX.0.0.683 - questionário sobre ocorrência de objeto voador não identificado em 25 de março de 2012.\n - Dossiê",
    "link": "/br_dfanbsb_arx/0/0/0683/br_dfanbsb_arx_0_0_0683_d0001de0001.pdf"
  },
  {
    "title": "BR DFANBSB ARX.0.0.684 - questionário sobre ocorrência de objeto voador não identificado, perto da serra do curral, belo horizonte, minas gerais. \n - Dossiê",
    "link": "/br_dfanbsb_arx/0/0/0684/br_dfanbsb_arx_0_0_0684_d0001de0001.pdf"
  },
  {
    "title": "BR DFANBSB ARX.0.0.685 - questionário sobre ocorrência de objeto voador não identificado, entre lages e caxias do sul, santa catarina. \n - Dossiê",
    "link": "/br_dfanbsb_arx/0/0/0685/br_dfanbsb_arx_0_0_0685_d0001de0001.pdf"
  },
  {
    "title": "BR DFANBSB ARX.0.0.686 - questionário sobre ocorrência de objeto voador não identificado, em santa maria, rio grande de sul.\n - Dossiê",
    "link": "/br_dfanbsb_arx/0/0/0686/br_dfanbsb_arx_0_0_0686_d0001de0001.pdf"
  },
  {
    "title": "BR DFANBSB ARX.0.0.687 - questionário sobre ocorrência de objeto voador não identificado, em trombetas, pará.\n - Dossiê",
    "link": "/br_dfanbsb_arx/0/0/0687/br_dfanbsb_arx_0_0_0687_d0001de0001.pdf"
  },
  {
    "title": "BR DFANBSB ARX.0.0.688 - questionário sobre ocorrência de objeto voador não identificado, em porto alegre, rio grande de sul.\n - Dossiê",
    "link": "/br_dfanbsb_arx/0/0/0688/br_dfanbsb_arx_0_0_0688_d0001de0001.pdf"
  },
  {
    "title": "BR DFANBSB ARX.0.0.689 - questionário sobre ocorrência de objeto voador não identificado, em foz do iguaçu, paraná.\n - Dossiê",
    "link": "/br_dfanbsb_arx/0/0/0689/br_dfanbsb_arx_0_0_0689_d0001de0001.pdf"
  },
  {
    "title": "BR DFANBSB ARX.0.0.690 - questionário sobre ocorrência de objeto voador não identificado, em zona rural da cidade de cascavel, no paraná.\n - Dossiê",
    "link": "/br_dfanbsb_arx/0/0/0690/br_dfanbsb_arx_0_0_0690_d0001de0001.pdf"
  },
  {
    "title": "BR DFANBSB ARX.0.0.707 - fita vhs 1/2: vídeo contendo esclarecimentos de fernando cleto sobre avistamentos ocorridos em 1952, na barra da tijuca, rio de janeiro. - Dossiê",
    "link": "/br_dfanbsb_arx/0/0/0707/br_dfanbsb_arx_0_0_0707_d0001de0001.pdf"
  },
  {
    "title": "BR DFANBSB ARX.0.0.708 - fita vhs 2/2: vídeo contendo esclarecimentos de fernando cleto sobre avistamentos ocorridos em 1952, na barra da tijuca, rio de janeiro. - Dossiê",
    "link": "/br_dfanbsb_arx/0/0/0708/br_dfanbsb_arx_0_0_0708_d0001de0001.pdf"
  },
  {
    "title": "BR DFANBSB ARX.0.0.709 - resumo estatístico de ocorrências de objetos voadores não identificados (ovnis) entre os anos de 1954 e 1999. - Dossiê",
    "link": "/br_dfanbsb_arx/0/0/0709/br_dfanbsb_arx_0_0_0709_d0001de0001.pdf"
  },
  {
    "title": "BR DFANBSB ARX.0.0.710 - resumo estatístico de ocorrências de objetos voadores não identificados (ovnis) entre os anos de 1954 e 2000. - Dossiê",
    "link": "/br_dfanbsb_arx/0/0/0710/br_dfanbsb_arx_0_0_0710_d0001de0001.pdf"
  },
  {
    "title": "BR DFANBSB ARX.0.0.711 - questionário sobre ocorrência de objeto voador não identificado (ovni) em foz do iguaçu, paraná. - Dossiê",
    "link": "/br_dfanbsb_arx/0/0/0711/br_dfanbsb_arx_0_0_0711_d0001de0001.pdf"
  }
]