[
  {
    "title": "BR DFANBSB ARX.0.0.712 - questionário sobre ocorrência de objeto voador não identificado (ovni) em santo antônio da patrulha, rio grande do sul. - Dossiê",
    "link": "/br_dfanbsb_arx/0/0/0712/br_dfanbsb_arx_0_0_0712_d0001de0007.pdf"
  },
  {
    "title": "BR DFANBSB ARX.0.0.713 - questionário sobre ocorrência de objeto voador não identificado (ovni), na região de barreiras, bahia. - Dossiê",
    "link": "/br_dfanbsb_arx/0/0/0713/br_dfanbsb_arx_0_0_0713_d0001de0001.pdf"
  },
  {
    "title": "BR DFANBSB ARX.0.0.714 - questionário sobre ocorrência de objeto voador não identificado (ovni) em zona rural de cascavel, paraná. - Dossiê",
    "link": "/br_dfanbsb_arx/0/0/0714/br_dfanbsb_arx_0_0_0714_d0001de0001.pdf"
  },
  {
    "title": "BR DFANBSB ARX.0.0.715 - questionário sobre ocorrência de objeto voador não identificado (ovni), próximo a quatro barras, paraná. - Dossiê",
    "link": "/br_dfanbsb_arx/0/0/0715/br_dfanbsb_arx_0_0_0715_d0001de0001.pdf"
  },
  {
    "title": "BR DFANBSB ARX.0.0.716 - questionário sobre ocorrência de objeto voador não identificado (ovni) em área não explicitada. - Dossiê",
    "link": "/br_dfanbsb_arx/0/0/0716/br_dfanbsb_arx_0_0_0716_d0001de0001.pdf"
  },
  {
    "title": "BR DFANBSB ARX.0.0.717 - questionário sobre ocorrência de objeto voador não identificado (ovni) em londrina, paraná. - Dossiê",
    "link": "/br_dfanbsb_arx/0/0/0717/br_dfanbsb_arx_0_0_0717_d0001de0001.pdf"
  },
  {
    "title": "BR DFANBSB ARX.0.0.718 - questionário sobre ocorrência de objeto voador não identificado (ovni), na região de manaus, amazonas. - Dossiê",
    "link": "/br_dfanbsb_arx/0/0/0718/br_dfanbsb_arx_0_0_0718_d0001de0001.pdf"
  },
  {
    "title": "BR DFANBSB ARX.0.0.719 - encadernado com resumo estatístico de ocorrências de objetos voadores não identificados (ovnis), de 1954 - 2000. - Dossiê",
    "link": "/br_dfanbsb_arx/0/0/0719/br_dfanbsb_arx_0_0_0719_d0001de0001.pdf"
  },
  {
    "title": "BR DFANBSB ARX.0.0.720 - encadernado com resumo estatístico de ocorrências de objetos voadores não identificados (ovnis), de 2001 - 2005. - Dossiê",
    "link": "/br_dfanbsb_arx/0/0/0720/br_dfanbsb_arx_0_0_0720_d0001de0001.pdf"
  },
  {
    "title": "BR DFANBSB ARX.0.0.721 - questionário sobre ocorrência de objeto voador não identificado (ovni) em guarujá, são paulo. - Dossiê",
    "link": "/br_dfanbsb_arx/0/0/0721/br_dfanbsb_arx_0_0_0721_d0001de0001.pdf"
  },
  {
    "title": "BR DFANBSB ARX.0.0.722 - questionário sobre ocorrência de objeto voador não identificado (ovni) em fortaleza, ceará. - Dossiê",
    "link": "/br_dfanbsb_arx/0/0/0722/br_dfanbsb_arx_0_0_0722_d0001de0001.pdf"
  },
  {
    "title": "BR DFANBSB ARX.0.0.723 - questionário sobre ocorrência de objeto voador não identificado (ovni) em porto velho, rondônia. - Dossiê",
    "link": "/br_dfanbsb_arx/0/0/0723/br_dfanbsb_arx_0_0_0723_d0001de0001.pdf"
  },
  {
    "title": "BR DFANBSB ARX.0.0.724 - questionário sobre ocorrência de objeto voador não identificado (ovni) próximo à quixadá, ceará. - Dossiê",
    "link": "/br_dfanbsb_arx/0/0/0724/br_dfanbsb_arx_0_0_0724_d0001de0001.pdf"
  },
  {
    "title": "BR DFANBSB ARX.0.0.725 - questionário sobre ocorrência de objeto voador não identificado (ovni) no aeródromo de cascavel, paraná. - Dossiê",
    "link": "/br_dfanbsb_arx/0/0/0725/br_dfanbsb_arx_0_0_0725_d0001de0001.pdf"
  },
  {
    "title": "BR DFANBSB ARX.0.0.726 - questionário sobre ocorrência de objeto voador não identificado em são paulo. - Dossiê",
    "link": "/br_dfanbsb_arx/0/0/0726/br_dfanbsb_arx_0_0_0726_d0001de0001.pdf"
  },
  {
    "title": "BR DFANBSB ARX.0.0.727 - questionário sobre ocorrência de objeto voador não identificado (ovni) em guaratiba, rio grande do sul. - Dossiê",
    "link": "/br_dfanbsb_arx/0/0/0727/br_dfanbsb_arx_0_0_0727_d0001de0001.pdf"
  },
  {
    "title": "BR DFANBSB ARX.0.0.728 - questionário sobre ocorrência de objeto voador não identificado (ovni) em alagoinhas, bahia. - Dossiê",
    "link": "/br_dfanbsb_arx/0/0/0728/br_dfanbsb_arx_0_0_0728_d0001de0001.pdf"
  },
  {
    "title": "BR DFANBSB ARX.0.0.729 - questionário sobre ocorrência de objeto voador não identificado (ovni) em curitiba, paraná. - Dossiê",
    "link": "/br_dfanbsb_arx/0/0/0729/br_dfanbsb_arx_0_0_0729_d0001de0001.pdf"
  },
  {
    "title": "BR DFANBSB ARX.0.0.730 - questionário sobre ocorrência de objeto voador não identificado (ovni). - Dossiê",
    "link": "/br_dfanbsb_arx/0/0/0730/br_dfanbsb_arx_0_0_0730_d0001de0001.pdf"
  },
  {
    "title": "BR DFANBSB ARX.0.0.731 - questionário sobre ocorrência de objeto voador não identificado (ovni) em brasília, distrito federal. - Dossiê",
    "link": "/br_dfanbsb_arx/0/0/0731/br_dfanbsb_arx_0_0_0731_d0001de0001.pdf"
  },
  {
    "title": "BR DFANBSB ARX.0.0.732 - questionário sobre ocorrência de objeto voador não identificado (ovni). - Dossiê",
    "link": "/br_dfanbsb_arx/0/0/0732/br_dfanbsb_arx_0_0_0732_d0001de0001.pdf"
  },
  {
    "title": "BR DFANBSB ARX.0.0.733 - questionário sobre ocorrência de objeto voador não identificado (ovni). - Dossiê",
    "link": "/br_dfanbsb_arx/0/0/0733/br_dfanbsb_arx_0_0_0733_d0001de0001.pdf"
  },
  {
    "title": "BR DFANBSB ARX.0.0.734 - questionário sobre ocorrência de objeto voador não identificado (ovni) em manaus, amazonas. - Dossiê",
    "link": "/br_dfanbsb_arx/0/0/0734/br_dfanbsb_arx_0_0_0734_d0001de0001.pdf"
  },
  {
    "title": "BR DFANBSB ARX.0.0.735 - questionário sobre ocorrência de objeto voador não identificado (ovni) em campinas. - Dossiê",
    "link": "/br_dfanbsb_arx/0/0/0735/br_dfanbsb_arx_0_0_0735_d0001de0001.pdf"
  },
  {
    "title": "BR DFANBSB ARX.0.0.736 - questionário sobre ocorrência de objeto voador não identificado (ovni) em tocantins. - Dossiê",
    "link": "/br_dfanbsb_arx/0/0/0736/br_dfanbsb_arx_0_0_0736_d0001de0001.pdf"
  },
  {
    "title": "BR DFANBSB ARX.0.0.737 - questionário sobre ocorrência de objeto voador não identificado (ovni). - Dossiê",
    "link": "/br_dfanbsb_arx/0/0/0737/br_dfanbsb_arx_0_0_0737_d0001de0001.pdf"
  },
  {
    "title": "BR DFANBSB ARX.0.0.738 - questionário sobre ocorrência de objeto voador não identificado (ovni) em manaus, amazonas. - Dossiê",
    "link": "/br_dfanbsb_arx/0/0/0738/br_dfanbsb_arx_0_0_0738_d0001de0001.pdf"
  },
  {
    "title": "BR DFANBSB ARX.0.0.739 - questionário sobre ocorrência de objeto voador não identificado (ovni) em ivaiporã, paraná. - Dossiê",
    "link": "/br_dfanbsb_arx/0/0/0739/br_dfanbsb_arx_0_0_0739_d0001de0001.pdf"
  },
  {
    "title": "BR DFANBSB ARX.0.0.740 - questionário sobre ocorrência de objeto voador não identificado (ovni) em manaus, amazonas. - Dossiê",
    "link": "/br_dfanbsb_arx/0/0/0740/br_dfanbsb_arx_0_0_0740_d0001de0001.pdf"
  },
  {
    "title": "BR DFANBSB ARX.0.0.740 - questionário sobre ocorrência de objeto voador não identificado (ovni) em manaus, amazonas. - Dossiê - 2",
    "link": "/br_dfanbsb_arx/0/0/0740/br_dfanbsb_arx_0_0_0740_d0001de0002.pdf"
  },
  {
    "title": "BR DFANBSB ARX.0.0.740 - questionário sobre ocorrência de objeto voador não identificado (ovni) em manaus, amazonas. - Dossiê - 3",
    "link": "/br_dfanbsb_arx/0/0/0740/br_dfanbsb_arx_0_0_0740_d0002de0002.pdf"
  },
  {
    "title": "BR DFANBSB ARX.0.0.741 - questionário sobre ocorrência de objeto voador não identificado (ovni) no rio de janeiro. - Dossiê",
    "link": "/br_dfanbsb_arx/0/0/0741/br_dfanbsb_arx_0_0_0741_d0001de0001.pdf"
  },
  {
    "title": "BR DFANBSB ARX.0.0.744 - formulário sobre ocorrência de objeto voador não identificado. - Dossiê",
    "link": "/br_dfanbsb_arx/0/0/0744/br_dfanbsb_arx_0_0_0744_d0001de0001.pdf"
  },
  {
    "title": "BR DFANBSB ARX.0.0.745 - formulário sobre ocorrência de objeto voador não identificado. - Dossiê",
    "link": "/br_dfanbsb_arx/0/0/0745/br_dfanbsb_arx_0_0_0745_d0001de0001.pdf"
  },
  {
    "title": "BR DFANBSB ARX.0.0.746 - ficha sobre ocorrência de objeto voador não identificado. - Dossiê",
    "link": "/br_dfanbsb_arx/0/0/0746/br_dfanbsb_arx_0_0_0746_d0001de0001.pdf"
  },
  {
    "title": "BR DFANBSB ARX.0.0.747 - formulário sobre ocorrência de objeto voador não identificado. - Dossiê",
    "link": "/br_dfanbsb_arx/0/0/0747/br_dfanbsb_arx_0_0_0747_d0001de0001.pdf"
  },
  {
    "title": "BR DFANBSB ARX.0.0.748 - formulário sobre ocorrência de objeto voador não identificado. - Dossiê",
    "link": "/br_dfanbsb_arx/0/0/0748/br_dfanbsb_arx_0_0_0748_d0001de0001.pdf"
  },
  {
    "title": "BR DFANBSB ARX.0.0.749 - ficha sobre ocorrência de objeto voador não identificado. - Dossiê",
    "link": "/br_dfanbsb_arx/0/0/0749/br_dfanbsb_arx_0_0_0749_d0001de0001.pdf"
  },
  {
    "title": "BR DFANBSB ARX.0.0.750 - ficha sobre ocorrência de objeto voador não identificado. - Dossiê",
    "link": "/br_dfanbsb_arx/0/0/0750/br_dfanbsb_arx_0_0_0750_d0001de0001.pdf"
  },
  {
    "title": "BR DFANBSB ARX.0.0.751 - ficha sobre ocorrência de objeto voador não identificado. - Dossiê",
    "link": "/br_dfanbsb_arx/0/0/0751/br_dfanbsb_arx_0_0_0751_d0001de0001.pdf"
  },
  {
    "title": "BR DFANBSB ARX.0.0.752 - ficha sobre ocorrência de objeto voador não identificado. - Dossiê",
    "link": "/br_dfanbsb_arx/0/0/0752/br_dfanbsb_arx_0_0_0752_d0001de0001.pdf"
  },
  {
    "title": "BR DFANBSB ARX.0.0.753 - ficha sobre ocorrência de objeto voador não identificado. - Dossiê",
    "link": "/br_dfanbsb_arx/0/0/0753/br_dfanbsb_arx_0_0_0753_d0001de0001.pdf"
  },
  {
    "title": "BR DFANBSB ARX.0.0.754 - ficha sobre ocorrência de objeto voador não identificado. - Dossiê",
    "link": "/br_dfanbsb_arx/0/0/0754/br_dfanbsb_arx_0_0_0754_d0001de0001.pdf"
  },
  {
    "title": "BR DFANBSB ARX.0.0.755 - ficha sobre ocorrência de objeto voador não identificado. - Dossiê",
    "link": "/br_dfanbsb_arx/0/0/0755/br_dfanbsb_arx_0_0_0755_d0001de0001.pdf"
  },
  {
    "title": "BR DFANBSB ARX.0.0.756 - ficha sobre ocorrência de objeto voador não identificado. - Dossiê",
    "link": "/br_dfanbsb_arx/0/0/0756/br_dfanbsb_arx_0_0_0756_d0001de0001.pdf"
  },
  {
    "title": "BR DFANBSB ARX.0.0.757 - ficha sobre ocorrência de objeto voador não identificado. - Dossiê",
    "link": "/br_dfanbsb_arx/0/0/0757/br_dfanbsb_arx_0_0_0757_d0001de0001.pdf"
  },
  {
    "title": "BR DFANBSB ARX.0.0.758 - ficha sobre ocorrência de objeto voador não identificado. - Dossiê",
    "link": "/br_dfanbsb_arx/0/0/0758/br_dfanbsb_arx_0_0_0758_d0001de0001.pdf"
  },
  {
    "title": "BR DFANBSB ARX.0.0.759 - ficha sobre ocorrência de objeto voador não identificado. - Dossiê",
    "link": "/br_dfanbsb_arx/0/0/0759/br_dfanbsb_arx_0_0_0759_d0001de0001.pdf"
  }
]