[
  {
    "title": "BR DFANBSB ARX.0.0.760 - ficha sobre ocorrência de objeto voador não identificado. - Dossiê",
    "link": "/br_dfanbsb_arx/0/0/0760/br_dfanbsb_arx_0_0_0760_d0001de0001.pdf"
  },
  {
    "title": "BR DFANBSB ARX.0.0.761 - ficha sobre ocorrência de objeto voador não identificado. - Dossiê",
    "link": "/br_dfanbsb_arx/0/0/0761/br_dfanbsb_arx_0_0_0761_d0001de0001.pdf"
  },
  {
    "title": "BR DFANBSB ARX.0.0.762 - ficha sobre ocorrência de objeto voador não identificado. - Dossiê",
    "link": "/br_dfanbsb_arx/0/0/0762/br_dfanbsb_arx_0_0_0762_d0001de0001.pdf"
  },
  {
    "title": "BR DFANBSB ARX.0.0.763 - ficha sobre ocorrência de objeto voador não identificado. - Dossiê",
    "link": "/br_dfanbsb_arx/0/0/0763/br_dfanbsb_arx_0_0_0763_d0001de0001.pdf"
  },
  {
    "title": "BR DFANBSB ARX.0.0.764 - ficha sobre ocorrência de objeto voador não identificado. - Dossiê",
    "link": "/br_dfanbsb_arx/0/0/0764/br_dfanbsb_arx_0_0_0764_d0001de0001.pdf"
  },
  {
    "title": "BR DFANBSB ARX.0.0.765 - ficha sobre ocorrência de objeto voador não identificado. - Dossiê",
    "link": "/br_dfanbsb_arx/0/0/0765/br_dfanbsb_arx_0_0_0765_d0001de0001.pdf"
  },
  {
    "title": "BR DFANBSB ARX.0.0.766 - ficha sobre ocorrência de objeto voador não identificado. - Dossiê",
    "link": "/br_dfanbsb_arx/0/0/0766/br_dfanbsb_arx_0_0_0766_d0001de0001.pdf"
  },
  {
    "title": "BR DFANBSB ARX.0.0.767 - ficha sobre ocorrência de objeto voador não identificado. - Dossiê",
    "link": "/br_dfanbsb_arx/0/0/0767/br_dfanbsb_arx_0_0_0767_d0001de0001.pdf"
  },
  {
    "title": "BR DFANBSB ARX.0.0.768 - ficha sobre ocorrência de objeto voador não identificado. - Dossiê",
    "link": "/br_dfanbsb_arx/0/0/0768/br_dfanbsb_arx_0_0_0768_d0001de0001.pdf"
  },
  {
    "title": "BR DFANBSB ARX.0.0.769 - ficha sobre ocorrência de objeto voador não identificado. - Dossiê",
    "link": "/br_dfanbsb_arx/0/0/0769/br_dfanbsb_arx_0_0_0769_d0001de0001.pdf"
  },
  {
    "title": "BR DFANBSB ARX.0.0.770 - ficha sobre ocorrência de objeto voador não identificado. - Dossiê",
    "link": "/br_dfanbsb_arx/0/0/0770/br_dfanbsb_arx_0_0_0770_d0001de0001.pdf"
  },
  {
    "title": "BR DFANBSB ARX.0.0.771 - ficha sobre ocorrência de objeto voador não identificado. - Dossiê",
    "link": "/br_dfanbsb_arx/0/0/0771/br_dfanbsb_arx_0_0_0771_d0001de0001.pdf"
  },
  {
    "title": "BR DFANBSB ARX.0.0.772 - ficha sobre ocorrência de objeto voador não identificado. - Dossiê",
    "link": "/br_dfanbsb_arx/0/0/0772/br_dfanbsb_arx_0_0_0772_d0001de0001.pdf"
  },
  {
    "title": "BR DFANBSB ARX.0.0.773 - ficha sobre ocorrência de objeto voador não identificado. - Dossiê",
    "link": "/br_dfanbsb_arx/0/0/0773/br_dfanbsb_arx_0_0_0773_d0001de0001.pdf"
  },
  {
    "title": "BR DFANBSB ARX.0.0.774 - ficha sobre ocorrência de objeto voador não identificado. - Dossiê",
    "link": "/br_dfanbsb_arx/0/0/0774/br_dfanbsb_arx_0_0_0774_d0001de0001.pdf"
  },
  {
    "title": "BR DFANBSB ARX.0.0.775 - ficha sobre ocorrência de objeto voador não identificado. - Dossiê",
    "link": "/br_dfanbsb_arx/0/0/0775/br_dfanbsb_arx_0_0_0775_d0001de0001.pdf"
  },
  {
    "title": "BR DFANBSB ARX.0.0.776 - ficha sobre ocorrência de objeto voador não identificado. - Dossiê",
    "link": "/br_dfanbsb_arx/0/0/0776/br_dfanbsb_arx_0_0_0776_d0001de0001.pdf"
  },
  {
    "title": "BR DFANBSB ARX.0.0.777 - ficha sobre ocorrência de objeto voador não identificado. - Dossiê",
    "link": "/br_dfanbsb_arx/0/0/0777/br_dfanbsb_arx_0_0_0777_d0001de0001.pdf"
  },
  {
    "title": "BR DFANBSB ARX.0.0.778 - ficha sobre ocorrência de objeto voador não identificado. - Dossiê",
    "link": "/br_dfanbsb_arx/0/0/0778/br_dfanbsb_arx_0_0_0778_d0001de0001.pdf"
  },
  {
    "title": "BR DFANBSB ARX.0.0.779 - ficha sobre ocorrência de objeto voador não identificado. - Dossiê",
    "link": "/br_dfanbsb_arx/0/0/0779/br_dfanbsb_arx_0_0_0779_d0001de0001.pdf"
  },
  {
    "title": "BR DFANBSB ARX.0.0.780 - ficha sobre ocorrência de objeto voador não identificado. - Dossiê",
    "link": "/br_dfanbsb_arx/0/0/0780/br_dfanbsb_arx_0_0_0780_d0001de0001.pdf"
  },
  {
    "title": "BR DFANBSB ARX.0.0.781 - ficha sobre ocorrência de objeto voador não identificado. - Dossiê",
    "link": "/br_dfanbsb_arx/0/0/0781/br_dfanbsb_arx_0_0_0781_d0001de0001.pdf"
  },
  {
    "title": "BR DFANBSB ARX.0.0.782 - ficha sobre ocorrência de objeto voador não identificado. - Dossiê",
    "link": "/br_dfanbsb_arx/0/0/0782/br_dfanbsb_arx_0_0_0782_d0001de0001.pdf"
  },
  {
    "title": "BR DFANBSB ARX.0.0.783 - ficha sobre ocorrência de objeto voador não identificado. - Dossiê",
    "link": "/br_dfanbsb_arx/0/0/0783/br_dfanbsb_arx_0_0_0783_d0001de0001.pdf"
  },
  {
    "title": "BR DFANBSB ARX.0.0.784 - ficha sobre ocorrência de objeto voador não identificado. - Dossiê",
    "link": "/br_dfanbsb_arx/0/0/0784/br_dfanbsb_arx_0_0_0784_d0001de0001.pdf"
  },
  {
    "title": "BR DFANBSB ARX.0.0.785 - ficha sobre ocorrência de objeto voador não identificado. - Dossiê",
    "link": "/br_dfanbsb_arx/0/0/0785/br_dfanbsb_arx_0_0_0785_d0001de0001.pdf"
  },
  {
    "title": "BR DFANBSB ARX.0.0.786 - ficha sobre ocorrência de objeto voador não identificado. - Dossiê",
    "link": "/br_dfanbsb_arx/0/0/0786/br_dfanbsb_arx_0_0_0786_d0001de0001.pdf"
  },
  {
    "title": "BR DFANBSB ARX.0.0.787 - ficha sobre ocorrência de objeto voador não identificado. - Dossiê",
    "link": "/br_dfanbsb_arx/0/0/0787/br_dfanbsb_arx_0_0_0787_d0001de0001.pdf"
  },
  {
    "title": "BR DFANBSB ARX.0.0.788 - ficha sobre ocorrência de objeto voador não identificado. - Dossiê",
    "link": "/br_dfanbsb_arx/0/0/0788/br_dfanbsb_arx_0_0_0788_d0001de0001.pdf"
  },
  {
    "title": "BR DFANBSB ARX.0.0.789 - ficha sobre ocorrência de objeto voador não identificado. - Dossiê",
    "link": "/br_dfanbsb_arx/0/0/0789/br_dfanbsb_arx_0_0_0789_d0001de0001.pdf"
  },
  {
    "title": "BR DFANBSB ARX.0.0.790 - ficha sobre ocorrência de objeto voador não identificado. - Dossiê",
    "link": "/br_dfanbsb_arx/0/0/0790/br_dfanbsb_arx_0_0_0790_d0001de0001.pdf"
  },
  {
    "title": "BR DFANBSB ARX.0.0.791 - ficha sobre ocorrência de objeto voador não identificado. - Dossiê",
    "link": "/br_dfanbsb_arx/0/0/0791/br_dfanbsb_arx_0_0_0791_d0001de0001.pdf"
  },
  {
    "title": "BR DFANBSB ARX.0.0.792 - ficha sobre ocorrência de objeto voador não identificado. - Dossiê",
    "link": "/br_dfanbsb_arx/0/0/0792/br_dfanbsb_arx_0_0_0792_d0001de0001.pdf"
  },
  {
    "title": "BR DFANBSB ARX.0.0.793 - ficha sobre ocorrência de objeto voador não identificado. - Dossiê",
    "link": "/br_dfanbsb_arx/0/0/0793/br_dfanbsb_arx_0_0_0793_d0001de0001.pdf"
  },
  {
    "title": "BR DFANBSB ARX.0.0.794 - ficha sobre ocorrência de objeto voador não identificado. - Dossiê",
    "link": "/br_dfanbsb_arx/0/0/0794/br_dfanbsb_arx_0_0_0794_d0001de0001.pdf"
  },
  {
    "title": "BR DFANBSB ARX.0.0.795 - ficha sobre ocorrência de objeto voador não identificado. - Dossiê",
    "link": "/br_dfanbsb_arx/0/0/0795/br_dfanbsb_arx_0_0_0795_d0001de0001.pdf"
  },
  {
    "title": "BR DFANBSB ARX.0.0.796 - ficha sobre ocorrência de objeto voador não identificado. - Dossiê",
    "link": "/br_dfanbsb_arx/0/0/0796/br_dfanbsb_arx_0_0_0796_d0001de0001.pdf"
  },
  {
    "title": "BR DFANBSB ARX.0.0.797 - ficha sobre ocorrência de objeto voador não identificado. - Dossiê",
    "link": "/br_dfanbsb_arx/0/0/0797/br_dfanbsb_arx_0_0_0797_d0001de0001.pdf"
  },
  {
    "title": "BR DFANBSB ARX.0.0.798 - ficha sobre ocorrência de objeto voador não identificado. - Dossiê",
    "link": "/br_dfanbsb_arx/0/0/0798/br_dfanbsb_arx_0_0_0798_d0001de0001.pdf"
  },
  {
    "title": "BR DFANBSB ARX.0.0.799 - ficha sobre ocorrência de objeto voador não identificado. - Dossiê",
    "link": "/br_dfanbsb_arx/0/0/0799/br_dfanbsb_arx_0_0_0799_d0001de0001.pdf"
  },
  {
    "title": "BR DFANBSB ARX.0.0.800 - ficha sobre ocorrência de objeto voador não identificado. - Dossiê",
    "link": "/br_dfanbsb_arx/0/0/0800/br_dfanbsb_arx_0_0_0800_d0001de0001.pdf"
  },
  {
    "title": "BR DFANBSB ARX.0.0.801 - ficha sobre ocorrência de objeto voador não identificado. - Dossiê",
    "link": "/br_dfanbsb_arx/0/0/0801/br_dfanbsb_arx_0_0_0801_d0001de0001.pdf"
  },
  {
    "title": "BR DFANBSB ARX.0.0.802 - ficha sobre ocorrência de objeto voador não identificado. - Dossiê",
    "link": "/br_dfanbsb_arx/0/0/0802/br_dfanbsb_arx_0_0_0802_d0001de0001.pdf"
  },
  {
    "title": "BR DFANBSB ARX.0.0.803 - ficha sobre ocorrência de objeto voador não identificado. - Dossiê",
    "link": "/br_dfanbsb_arx/0/0/0803/br_dfanbsb_arx_0_0_0803_d0001de0001.pdf"
  },
  {
    "title": "BR DFANBSB ARX.0.0.804 - ficha sobre ocorrência de objeto voador não identificado. - Dossiê",
    "link": "/br_dfanbsb_arx/0/0/0804/br_dfanbsb_arx_0_0_0804_d0001de0001.pdf"
  },
  {
    "title": "BR DFANBSB ARX.0.0.805 - ficha sobre ocorrência de objeto voador não identificado. - Dossiê",
    "link": "/br_dfanbsb_arx/0/0/0805/br_dfanbsb_arx_0_0_0805_d0001de0001.pdf"
  },
  {
    "title": "BR DFANBSB ARX.0.0.806 - ficha sobre ocorrência de objeto voador não identificado. - Dossiê",
    "link": "/br_dfanbsb_arx/0/0/0806/br_dfanbsb_arx_0_0_0806_d0001de0001.pdf"
  },
  {
    "title": "BR DFANBSB ARX.0.0.807 - ficha sobre ocorrência de objeto voador não identificado. - Dossiê",
    "link": "/br_dfanbsb_arx/0/0/0807/br_dfanbsb_arx_0_0_0807_d0001de0001.pdf"
  },
  {
    "title": "BR DFANBSB ARX.0.0.808 - ficha sobre ocorrência de objeto voador não identificado. - Dossiê",
    "link": "/br_dfanbsb_arx/0/0/0808/br_dfanbsb_arx_0_0_0808_d0001de0001.pdf"
  },
  {
    "title": "BR DFANBSB ARX.0.0.809 - ficha sobre ocorrência de objeto voador não identificado. - Dossiê",
    "link": "/br_dfanbsb_arx/0/0/0809/br_dfanbsb_arx_0_0_0809_d0001de0001.pdf"
  }
]