[
  {
    "title": "BR DFANBSB ARX.0.0.810 - ficha sobre ocorrência de objeto voador não identificado em porto seguro, bahia. - Dossiê",
    "link": "/br_dfanbsb_arx/0/0/0810/br_dfanbsb_arx_0_0_0810_d0001de0001.pdf"
  },
  {
    "title": "BR DFANBSB ARX.0.0.811 - ficha sobre ocorrência de objeto voador não identificado em curitiba, paraná. - Dossiê",
    "link": "/br_dfanbsb_arx/0/0/0811/br_dfanbsb_arx_0_0_0811_d0001de0001.pdf"
  },
  {
    "title": "BR DFANBSB ARX.0.0.812 - ficha sobre ocorrência de objeto voador não identificado na ilha do mel, paraná. - Dossiê",
    "link": "/br_dfanbsb_arx/0/0/0812/br_dfanbsb_arx_0_0_0812_d0001de0001.pdf"
  },
  {
    "title": "BR DFANBSB ARX.0.0.813 - ficha sobre ocorrência de objeto voador não identificado. - Dossiê",
    "link": "/br_dfanbsb_arx/0/0/0813/br_dfanbsb_arx_0_0_0813_d0001de0001.pdf"
  },
  {
    "title": "BR DFANBSB ARX.0.0.814 - ficha sobre ocorrência de objeto voador não identificado. - Dossiê",
    "link": "/br_dfanbsb_arx/0/0/0814/br_dfanbsb_arx_0_0_0814_d0001de0001.pdf"
  },
  {
    "title": "BR DFANBSB ARX.0.0.815 - ficha sobre ocorrência de objeto voador não identificado. - Dossiê",
    "link": "/br_dfanbsb_arx/0/0/0815/br_dfanbsb_arx_0_0_0815_d0001de0001.pdf"
  },
  {
    "title": "BR DFANBSB ARX.0.0.816 - ficha sobre ocorrência de objeto voador não identificado no rio grande do sul. - Dossiê",
    "link": "/br_dfanbsb_arx/0/0/0816/br_dfanbsb_arx_0_0_0816_d0001de0001.pdf"
  },
  {
    "title": "BR DFANBSB ARX.0.0.817 - ficha sobre ocorrência de objeto voador não identificado entre paraná e santa catarina. - Dossiê",
    "link": "/br_dfanbsb_arx/0/0/0817/br_dfanbsb_arx_0_0_0817_d0001de0001.pdf"
  },
  {
    "title": "BR DFANBSB ARX.0.0.818 - ficha sobre ocorrência de objeto voador não identificado em porto alegre, rio grande do sul. - Dossiê",
    "link": "/br_dfanbsb_arx/0/0/0818/br_dfanbsb_arx_0_0_0818_d0001de0001.pdf"
  },
  {
    "title": "BR DFANBSB ARX.0.0.819 - ficha sobre ocorrência de objeto voador não identificado em florianópolis, santa catarina. - Dossiê",
    "link": "/br_dfanbsb_arx/0/0/0819/br_dfanbsb_arx_0_0_0819_d0001de0001.pdf"
  },
  {
    "title": "BR DFANBSB ARX.0.0.820 - ficha sobre ocorrência de objeto voador não identificado em paraná, santa catarina e são paulo. - Dossiê",
    "link": "/br_dfanbsb_arx/0/0/0820/br_dfanbsb_arx_0_0_0820_d0001de0001.pdf"
  },
  {
    "title": "BR DFANBSB ARX.0.0.821 - ficha sobre ocorrência de objeto voador não identificado em florianópolis, santa catarina. - Dossiê",
    "link": "/br_dfanbsb_arx/0/0/0821/br_dfanbsb_arx_0_0_0821_d0001de0001.pdf"
  },
  {
    "title": "BR DFANBSB ARX.0.0.822 - ficha sobre ocorrência de objeto voador não identificado entre curitiba e porto alegre. - Dossiê",
    "link": "/br_dfanbsb_arx/0/0/0822/br_dfanbsb_arx_0_0_0822_d0001de0001.pdf"
  },
  {
    "title": "BR DFANBSB ARX.0.0.823 - ficha sobre ocorrência de objeto voador não identificado. - Dossiê",
    "link": "/br_dfanbsb_arx/0/0/0823/br_dfanbsb_arx_0_0_0823_d0001de0001.pdf"
  },
  {
    "title": "BR DFANBSB ARX.0.0.824 - ficha sobre ocorrência de objeto voador não identificado. - Dossiê",
    "link": "/br_dfanbsb_arx/0/0/0824/br_dfanbsb_arx_0_0_0824_d0001de0001.pdf"
  },
  {
    "title": "BR DFANBSB ARX.0.0.825 - ficha sobre ocorrência de objeto voador não identificado no mato grosso do sul. - Dossiê",
    "link": "/br_dfanbsb_arx/0/0/0825/br_dfanbsb_arx_0_0_0825_d0001de0001.pdf"
  },
  {
    "title": "BR DFANBSB ARX.0.0.826 - ficha sobre ocorrência de objeto voador não identificado em curitiba, paraná. - Dossiê",
    "link": "/br_dfanbsb_arx/0/0/0826/br_dfanbsb_arx_0_0_0826_d0001de0001.pdf"
  },
  {
    "title": "BR DFANBSB ARX.0.0.827 - ficha sobre ocorrência de objeto voador não identificado em florianópolis, santa catarina. - Dossiê",
    "link": "/br_dfanbsb_arx/0/0/0827/br_dfanbsb_arx_0_0_0827_d0001de0001.pdf"
  },
  {
    "title": "BR DFANBSB ARX.0.0.828 - ficha sobre ocorrência de objeto voador não identificado. - Dossiê",
    "link": "/br_dfanbsb_arx/0/0/0828/br_dfanbsb_arx_0_0_0828_d0001de0001.pdf"
  },
  {
    "title": "BR DFANBSB ARX.0.0.829 - ficha sobre ocorrência de objeto voador não identificado entre florianópolis e porto alegre. - Dossiê",
    "link": "/br_dfanbsb_arx/0/0/0829/br_dfanbsb_arx_0_0_0829_d0001de0001.pdf"
  },
  {
    "title": "BR DFANBSB ARX.0.0.830 - ficha sobre ocorrência de objeto voador não identificado. - Dossiê",
    "link": "/br_dfanbsb_arx/0/0/0830/br_dfanbsb_arx_0_0_0830_d0001de0001.pdf"
  },
  {
    "title": "BR DFANBSB ARX.0.0.831 - ficha sobre ocorrência de objeto voador não identificado. - Dossiê",
    "link": "/br_dfanbsb_arx/0/0/0831/br_dfanbsb_arx_0_0_0831_d0001de0001.pdf"
  },
  {
    "title": "BR DFANBSB ARX.0.0.832 - ficha sobre ocorrência de objeto voador não identificado entre curitiba e florianópolis. - Dossiê",
    "link": "/br_dfanbsb_arx/0/0/0832/br_dfanbsb_arx_0_0_0832_d0001de0001.pdf"
  },
  {
    "title": "BR DFANBSB ARX.0.0.833 - ficha sobre ocorrência de objeto voador não identificado em florianópolis. - Dossiê",
    "link": "/br_dfanbsb_arx/0/0/0833/br_dfanbsb_arx_0_0_0833_d0001de0001.pdf"
  },
  {
    "title": "BR DFANBSB ARX.0.0.834 - ficha sobre ocorrência de objeto voador não identificado entre joinville e florianópolis. - Dossiê",
    "link": "/br_dfanbsb_arx/0/0/0834/br_dfanbsb_arx_0_0_0834_d0001de0001.pdf"
  },
  {
    "title": "BR DFANBSB ARX.0.0.835 - ficha sobre ocorrência de objeto voador não identificado em santa catarina. - Dossiê",
    "link": "/br_dfanbsb_arx/0/0/0835/br_dfanbsb_arx_0_0_0835_d0001de0001.pdf"
  },
  {
    "title": "BR DFANBSB ARX.0.0.836 - ficha sobre ocorrência de objeto voador não identificado na bahia. - Dossiê",
    "link": "/br_dfanbsb_arx/0/0/0836/br_dfanbsb_arx_0_0_0836_d0001de0001.pdf"
  },
  {
    "title": "BR DFANBSB ARX.0.0.837 - ficha sobre ocorrência de objeto voador não identificado entre curitiba e porto alegre. - Dossiê",
    "link": "/br_dfanbsb_arx/0/0/0837/br_dfanbsb_arx_0_0_0837_d0001de0001.pdf"
  },
  {
    "title": "BR DFANBSB ARX.0.0.838 - ficha sobre ocorrência de objeto voador não identificado. - Dossiê",
    "link": "/br_dfanbsb_arx/0/0/0838/br_dfanbsb_arx_0_0_0838_d0001de0001.pdf"
  },
  {
    "title": "BR DFANBSB ARX.0.0.839 - ficha sobre ocorrência de objeto voador não identificado em registro, são paulo. - Dossiê",
    "link": "/br_dfanbsb_arx/0/0/0839/br_dfanbsb_arx_0_0_0839_d0001de0001.pdf"
  },
  {
    "title": "BR DFANBSB ARX.0.0.840 - ficha sobre ocorrência de objeto voador não identificado entre brasília e porto alegre. - Dossiê",
    "link": "/br_dfanbsb_arx/0/0/0840/br_dfanbsb_arx_0_0_0840_d0001de0001.pdf"
  },
  {
    "title": "BR DFANBSB ARX.0.0.841 - ficha sobre ocorrência de objeto voador não identificado em ponta grossa, paraná. - Dossiê",
    "link": "/br_dfanbsb_arx/0/0/0841/br_dfanbsb_arx_0_0_0841_d0001de0001.pdf"
  },
  {
    "title": "BR DFANBSB ARX.0.0.842 - ficha sobre ocorrência de objeto voador não identificado em santa catarina. - Dossiê",
    "link": "/br_dfanbsb_arx/0/0/0842/br_dfanbsb_arx_0_0_0842_d0001de0001.pdf"
  },
  {
    "title": "BR DFANBSB ARX.0.0.843 - ficha sobre ocorrência de objeto voador não identificado em torres, rio grande do sul. - Dossiê",
    "link": "/br_dfanbsb_arx/0/0/0843/br_dfanbsb_arx_0_0_0843_d0001de0001.pdf"
  },
  {
    "title": "BR DFANBSB ARX.0.0.844 - ficha sobre ocorrência de objeto voador não identificado entre poços de caldas e varginha, minas gerais. - Dossiê",
    "link": "/br_dfanbsb_arx/0/0/0844/br_dfanbsb_arx_0_0_0844_d0001de0001.pdf"
  },
  {
    "title": "BR DFANBSB ARX.0.0.845 - ficha sobre ocorrência de objeto voador não identificado no paraná. - Dossiê",
    "link": "/br_dfanbsb_arx/0/0/0845/br_dfanbsb_arx_0_0_0845_d0001de0001.pdf"
  },
  {
    "title": "BR DFANBSB ARX.0.0.846 - ficha sobre ocorrência de objeto voador não identificado em porto alegre, rio grande do sul. - Dossiê",
    "link": "/br_dfanbsb_arx/0/0/0846/br_dfanbsb_arx_0_0_0846_d0001de0001.pdf"
  },
  {
    "title": "BR DFANBSB ARX.0.0.847 - ficha sobre ocorrência de objeto voador não identificado em paracatu, minas gerais. - Dossiê",
    "link": "/br_dfanbsb_arx/0/0/0847/br_dfanbsb_arx_0_0_0847_d0001de0001.pdf"
  },
  {
    "title": "BR DFANBSB ARX.0.0.848 - ficha sobre ocorrência de objeto voador não identificado perto de campinas, são paulo. - Dossiê",
    "link": "/br_dfanbsb_arx/0/0/0848/br_dfanbsb_arx_0_0_0848_d0001de0001.pdf"
  },
  {
    "title": "BR DFANBSB ARX.0.0.849 - ficha sobre ocorrência de objeto voador não identificado perto de campinas, são paulo. - Dossiê",
    "link": "/br_dfanbsb_arx/0/0/0849/br_dfanbsb_arx_0_0_0849_d0001de0001.pdf"
  },
  {
    "title": "BR DFANBSB ARX.0.0.850 - ficha sobre ocorrência de objeto voador não identificado em são paulo. - Dossiê",
    "link": "/br_dfanbsb_arx/0/0/0850/br_dfanbsb_arx_0_0_0850_d0001de0001.pdf"
  },
  {
    "title": "BR DFANBSB ARX.0.0.851 - ficha sobre ocorrência de objeto voador não identificado em congonhas, são paulo. - Dossiê",
    "link": "/br_dfanbsb_arx/0/0/0851/br_dfanbsb_arx_0_0_0851_d0001de0001.pdf"
  },
  {
    "title": "BR DFANBSB ARX.0.0.852 - ficha sobre ocorrência de objeto voador não identificado em paranaguá, paraná. - Dossiê",
    "link": "/br_dfanbsb_arx/0/0/0852/br_dfanbsb_arx_0_0_0852_d0001de0001.pdf"
  },
  {
    "title": "BR DFANBSB ARX.0.0.853 - ficha sobre ocorrência de objeto voador não identificado em sergipe. - Dossiê",
    "link": "/br_dfanbsb_arx/0/0/0853/br_dfanbsb_arx_0_0_0853_d0001de0001.pdf"
  },
  {
    "title": "BR DFANBSB ARX.0.0.854 - ficha sobre ocorrência de objeto voador não identificado. - Dossiê",
    "link": "/br_dfanbsb_arx/0/0/0854/br_dfanbsb_arx_0_0_0854_d0001de0001.pdf"
  },
  {
    "title": "BR DFANBSB ARX.0.0.855 - ficha sobre ocorrência de objeto voador não identificado em são paulo. - Dossiê",
    "link": "/br_dfanbsb_arx/0/0/0855/br_dfanbsb_arx_0_0_0855_d0001de0001.pdf"
  },
  {
    "title": "BR DFANBSB ARX.0.0.856 - ficha de ocorrência sobre objeto voador não identificado. - Dossiê",
    "link": "/br_dfanbsb_arx/0/0/0856/br_dfanbsb_arx_0_0_0856_d0001de0001.pdf"
  },
  {
    "title": "BR DFANBSB ARX.0.0.857 - ficha sobre ocorrência de objeto voador não identificado em porto alegre, rio grande do sul. - Dossiê",
    "link": "/br_dfanbsb_arx/0/0/0857/br_dfanbsb_arx_0_0_0857_d0001de0001.pdf"
  },
  {
    "title": "BR DFANBSB ARX.0.0.858 - ficha sobre ocorrência de objeto voador não identificado. - Dossiê",
    "link": "/br_dfanbsb_arx/0/0/0858/br_dfanbsb_arx_0_0_0858_d0001de0001.pdf"
  },
  {
    "title": "BR DFANBSB ARX.0.0.861 - ficha sobre ocorrência de objeto voador não identificado em porto alegre, rio grande do sul. - Dossiê",
    "link": "/br_dfanbsb_arx/0/0/0861/br_dfanbsb_arx_0_0_0861_d0001de0001.pdf"
  }
]