[
  {
    "title": "BR DFANBSB ARX.0.0.45 - narração de motorista sobre duas observações de tráfego hotel em otiba, niterói, estado do rio de janeiro. - Dossiê",
    "link": "/br_dfanbsb_arx/0/0/0045/br_dfanbsb_arx_0_0_0045_d0001de0001.pdf"
  },
  {
    "title": "BR DFANBSB ARX.0.0.46 - narração de policial investigador sobre sua observação de tráfego hotel em niterói, estado do rio de janeiro. - Dossiê",
    "link": "/br_dfanbsb_arx/0/0/0046/br_dfanbsb_arx_0_0_0046_d0001de0001.pdf"
  },
  {
    "title": "BR DFANBSB ARX.0.0.47 - narração de comerciante sobre sua observação de tráfego hotel em nova friburgo, estado do rio de janeiro. - Dossiê",
    "link": "/br_dfanbsb_arx/0/0/0047/br_dfanbsb_arx_0_0_0047_d0001de0001.pdf"
  },
  {
    "title": "BR DFANBSB ARX.0.0.48 - narração de detetive sobre sua observação de tráfego hotel no rio de janeiro, estado da guanabara. - Dossiê",
    "link": "/br_dfanbsb_arx/0/0/0048/br_dfanbsb_arx_0_0_0048_d0001de0001.pdf"
  },
  {
    "title": "BR DFANBSB ARX.0.0.49 - narração de comerciante sobre duas observações de tráfego hotel em ibiúna, estado de são paulo. - Dossiê",
    "link": "/br_dfanbsb_arx/0/0/0049/br_dfanbsb_arx_0_0_0049_d0001de0001.pdf"
  },
  {
    "title": "BR DFANBSB ARX.0.0.50 - narração de prefeito sobre sua observação de tráfego hotel em franco da rocha, estado de são paulo. - Dossiê",
    "link": "/br_dfanbsb_arx/0/0/0050/br_dfanbsb_arx_0_0_0050_d0001de0001.pdf"
  },
  {
    "title": "BR DFANBSB ARX.0.0.51 - narração de comerciante sobre sua observação de tráfego hotel em franco da rocha, estado de são paulo. - Dossiê",
    "link": "/br_dfanbsb_arx/0/0/0051/br_dfanbsb_arx_0_0_0051_d0001de0001.pdf"
  },
  {
    "title": "BR DFANBSB ARX.0.0.52 - narração de lavrador sobre sua observação de tráfego hotel em ibiúna, estado de são paulo. - Dossiê",
    "link": "/br_dfanbsb_arx/0/0/0052/br_dfanbsb_arx_0_0_0052_d0001de0001.pdf"
  },
  {
    "title": "BR DFANBSB ARX.0.0.53 - narração de almoxarife sobre sua observação de tráfego hotel em jaú, estado de são paulo. - Dossiê",
    "link": "/br_dfanbsb_arx/0/0/0053/br_dfanbsb_arx_0_0_0053_d0001de0001.pdf"
  },
  {
    "title": "BR DFANBSB ARX.0.0.54 - narração de cirurgião-dentista sobre sua observação de tráfego hotel em olímpia, estado de são paulo. - Dossiê",
    "link": "/br_dfanbsb_arx/0/0/0054/br_dfanbsb_arx_0_0_0054_d0001de0001.pdf"
  },
  {
    "title": "BR DFANBSB ARX.0.0.55 - narração de avicultor sobre sua observação de tráfego hotel em tietê, estado de são paulo. - Dossiê",
    "link": "/br_dfanbsb_arx/0/0/0055/br_dfanbsb_arx_0_0_0055_d0001de0001.pdf"
  },
  {
    "title": "BR DFANBSB ARX.0.0.56 - narração de senhora, de prendas domésticas, sobre sua observação de tráfego hotel em itu, estado de são paulo. - Dossiê",
    "link": "/br_dfanbsb_arx/0/0/0056/br_dfanbsb_arx_0_0_0056_d0001de0001.pdf"
  },
  {
    "title": "BR DFANBSB ARX.0.0.57 - narração de operador de subestação de energia sobre sua observação de tráfego hotel em belo horizonte, estado de minas gerais. - Dossiê",
    "link": "/br_dfanbsb_arx/0/0/0057/br_dfanbsb_arx_0_0_0057_d0001de0001.pdf"
  },
  {
    "title": "BR DFANBSB ARX.0.0.58 - objetos aéreos não identificados: atribuições do sistema de investigação de objetos aéreos não identificados. boletim do sioani (cópia). - Dossiê",
    "link": "/br_dfanbsb_arx/0/0/0058/br_dfanbsb_arx_0_0_0058_d0001de0001.pdf"
  },
  {
    "title": "BR DFANBSB ARX.0.0.59 - objetos aéreos não identificados: estatísticas. boletim do sioani (cópia). - Dossiê",
    "link": "/br_dfanbsb_arx/0/0/0059/br_dfanbsb_arx_0_0_0059_d0001de0001.pdf"
  },
  {
    "title": "BR DFANBSB ARX.0.0.59 - objetos aéreos não identificados: estatísticas. boletim do sioani (cópia). - Dossiê - 2",
    "link": "/br_dfanbsb_arx/0/0/0059/br_dfanbsb_arx_0_0_0059_d0001de0005.pdf"
  },
  {
    "title": "BR DFANBSB ARX.0.0.59 - objetos aéreos não identificados: estatísticas. boletim do sioani (cópia). - Dossiê - 3",
    "link": "/br_dfanbsb_arx/0/0/0059/br_dfanbsb_arx_0_0_0059_d0002de0005.pdf"
  },
  {
    "title": "BR DFANBSB ARX.0.0.59 - objetos aéreos não identificados: estatísticas. boletim do sioani (cópia). - Dossiê - 4",
    "link": "/br_dfanbsb_arx/0/0/0059/br_dfanbsb_arx_0_0_0059_d0003de0005.pdf"
  },
  {
    "title": "BR DFANBSB ARX.0.0.59 - objetos aéreos não identificados: estatísticas. boletim do sioani (cópia). - Dossiê - 5",
    "link": "/br_dfanbsb_arx/0/0/0059/br_dfanbsb_arx_0_0_0059_d0004de0005.pdf"
  },
  {
    "title": "BR DFANBSB ARX.0.0.59 - objetos aéreos não identificados: estatísticas. boletim do sioani (cópia). - Dossiê - 6",
    "link": "/br_dfanbsb_arx/0/0/0059/br_dfanbsb_arx_0_0_0059_d0005de0005.pdf"
  },
  {
    "title": "BR DFANBSB ARX.0.0.60 - policiais de pavuna veem discos voadores em ação. - Dossiê",
    "link": "/br_dfanbsb_arx/0/0/0060/br_dfanbsb_arx_0_0_0060_d0001de0001.pdf"
  },
  {
    "title": "BR DFANBSB ARX.0.0.61 - disco voador pode retornar no dia 5. - Dossiê",
    "link": "/br_dfanbsb_arx/0/0/0061/br_dfanbsb_arx_0_0_0061_d0001de0001.pdf"
  },
  {
    "title": "BR DFANBSB ARX.0.0.62 - investigador diz que viu o disco sobrevoar niterói. - Dossiê",
    "link": "/br_dfanbsb_arx/0/0/0062/br_dfanbsb_arx_0_0_0062_d0001de0001.pdf"
  },
  {
    "title": "BR DFANBSB ARX.0.0.63 - discos voadores aparecem em são paulo e interior mineiro. - Dossiê",
    "link": "/br_dfanbsb_arx/0/0/0063/br_dfanbsb_arx_0_0_0063_d0001de0001.pdf"
  },
  {
    "title": "BR DFANBSB ARX.0.0.64 - cautela das autoridades sobre disco visto em goiás. - Dossiê",
    "link": "/br_dfanbsb_arx/0/0/0064/br_dfanbsb_arx_0_0_0064_d0001de0001.pdf"
  },
  {
    "title": "BR DFANBSB ARX.0.0.65 - evoluções de disco voador sobre serra dourada, evento registrado pelo fotógrafo por pepe martinez em fazenda areal, município de goiás velho. correio braziliense. - Dossiê",
    "link": "/br_dfanbsb_arx/0/0/0065/br_dfanbsb_arx_0_0_0065_d0001de0001.pdf"
  },
  {
    "title": "BR DFANBSB ARX.0.0.66 - inspetor diz ter visto o disco voador. - Dossiê",
    "link": "/br_dfanbsb_arx/0/0/0066/br_dfanbsb_arx_0_0_0066_d0001de0001.pdf"
  },
  {
    "title": "BR DFANBSB ARX.0.0.67 - pavuna: disco voou uma hora. - Dossiê",
    "link": "/br_dfanbsb_arx/0/0/0067/br_dfanbsb_arx_0_0_0067_d0001de0001.pdf"
  },
  {
    "title": "BR DFANBSB ARX.0.0.68 - discos voadores à luz dos fatos. - Dossiê",
    "link": "/br_dfanbsb_arx/0/0/0068/br_dfanbsb_arx_0_0_0068_d0001de0001.pdf"
  },
  {
    "title": "BR DFANBSB ARX.0.0.69 - lomanto júnior vê o caso da barra, ministro observa. - Dossiê",
    "link": "/br_dfanbsb_arx/0/0/0069/br_dfanbsb_arx_0_0_0069_d0001de0001.pdf"
  },
  {
    "title": "BR DFANBSB ARX.0.0.70 - deputados também veem na fazenda não me deixes espetáculo depois da festa. - Dossiê",
    "link": "/br_dfanbsb_arx/0/0/0070/br_dfanbsb_arx_0_0_0070_d0001de0001.pdf"
  },
  {
    "title": "BR DFANBSB ARX.0.0.71 - viu disco voador de perto e fez um desenho completo. - Dossiê",
    "link": "/br_dfanbsb_arx/0/0/0071/br_dfanbsb_arx_0_0_0071_d0001de0001.pdf"
  },
  {
    "title": "BR DFANBSB ARX.0.0.72 - homem do disco pode ser doido. - Dossiê",
    "link": "/br_dfanbsb_arx/0/0/0072/br_dfanbsb_arx_0_0_0072_d0001de0001.pdf"
  },
  {
    "title": "BR DFANBSB ARX.0.0.73 - os discos estão voltando. - Dossiê",
    "link": "/br_dfanbsb_arx/0/0/0073/br_dfanbsb_arx_0_0_0073_d0001de0001.pdf"
  },
  {
    "title": "BR DFANBSB ARX.0.0.74 - disco assusta americana. estado de são paulo - Dossiê",
    "link": "/br_dfanbsb_arx/0/0/0074/br_dfanbsb_arx_0_0_0074_d0001de0001.pdf"
  },
  {
    "title": "BR DFANBSB ARX.0.0.75 - prefeito de ibiúna vê estranho objeto voador. - Dossiê",
    "link": "/br_dfanbsb_arx/0/0/0075/br_dfanbsb_arx_0_0_0075_d0001de0001.pdf"
  },
  {
    "title": "BR DFANBSB ARX.0.0.76 - estranhos, mas caseiros, aqueles discos de irajá. - Dossiê",
    "link": "/br_dfanbsb_arx/0/0/0076/br_dfanbsb_arx_0_0_0076_d0001de0001.pdf"
  },
  {
    "title": "BR DFANBSB ARX.0.0.77 - ministros militares com costa e silva. estado de são paulo. - Dossiê",
    "link": "/br_dfanbsb_arx/0/0/0077/br_dfanbsb_arx_0_0_0077_d0001de0001.pdf"
  },
  {
    "title": "BR DFANBSB ARX.0.0.77A - garoto fotografa disco. - Dossiê",
    "link": "/br_dfanbsb_arx/0/0/0077a/br_dfanbsb_arx_0_0_0077a_d0001de0001.pdf"
  },
  {
    "title": "BR DFANBSB ARX.0.0.78 - garoto fotografa disco em teresina, estado do piauí. estado de são paulo. - Dossiê",
    "link": "/br_dfanbsb_arx/0/0/0078/br_dfanbsb_arx_0_0_0078_d0001de0001.pdf"
  },
  {
    "title": "BR DFANBSB ARX.0.0.79 - disco é visto em ribeirão preto. - Dossiê",
    "link": "/br_dfanbsb_arx/0/0/0079/br_dfanbsb_arx_0_0_0079_d0001de0001.pdf"
  },
  {
    "title": "BR DFANBSB ARX.0.0.80 - disco voador visto em meriti foi fotografado em são paulo. - Dossiê",
    "link": "/br_dfanbsb_arx/0/0/0080/br_dfanbsb_arx_0_0_0080_d0001de0001.pdf"
  },
  {
    "title": "BR DFANBSB ARX.0.0.81 - estudante fotografou discos voadores. - Dossiê",
    "link": "/br_dfanbsb_arx/0/0/0081/br_dfanbsb_arx_0_0_0081_d0001de0001.pdf"
  },
  {
    "title": "BR DFANBSB ARX.0.0.82 - histórias que a vida escreve: ainda o disco voador. - Dossiê",
    "link": "/br_dfanbsb_arx/0/0/0082/br_dfanbsb_arx_0_0_0082_d0001de0001.pdf"
  },
  {
    "title": "BR DFANBSB ARX.0.0.83 - disco voador aparece em três rios: documentação. - Dossiê",
    "link": "/br_dfanbsb_arx/0/0/0083/br_dfanbsb_arx_0_0_0083_d0001de0001.pdf"
  },
  {
    "title": "BR DFANBSB ARX.0.0.84 - disco voador em três rios. - Dossiê",
    "link": "/br_dfanbsb_arx/0/0/0084/br_dfanbsb_arx_0_0_0084_d0001de0001.pdf"
  },
  {
    "title": "BR DFANBSB ARX.0.0.85 - disco voador emociona. - Dossiê",
    "link": "/br_dfanbsb_arx/0/0/0085/br_dfanbsb_arx_0_0_0085_d0001de0001.pdf"
  },
  {
    "title": "BR DFANBSB ARX.0.0.86 - médico mineiro fotografou: soldados viram o disco voador. - Dossiê",
    "link": "/br_dfanbsb_arx/0/0/0086/br_dfanbsb_arx_0_0_0086_d0001de0001.pdf"
  },
  {
    "title": "BR DFANBSB ARX.0.0.87 - disco voador apareceu e pousou em montes claros. - Dossiê",
    "link": "/br_dfanbsb_arx/0/0/0087/br_dfanbsb_arx_0_0_0087_d0001de0001.pdf"
  },
  {
    "title": "BR DFANBSB ARX.0.0.88 - objetos estranhos aparecem em minas voando baixo e emitindo chamado telepático. - Dossiê",
    "link": "/br_dfanbsb_arx/0/0/0088/br_dfanbsb_arx_0_0_0088_d0001de0001.pdf"
  }
]