[
  {
    "title": "BR DFANBSB ARX.0.0.862 - ficha sobre ocorrência de objeto voador não identificado em porto alegre, rio grande do sul. - Dossiê",
    "link": "/br_dfanbsb_arx/0/0/0862/br_dfanbsb_arx_0_0_0862_d0001de0001.pdf"
  },
  {
    "title": "BR DFANBSB ARX.0.0.863 - ficha sobre ocorrência de objeto voador não identificado em porto alegre, rio grande do sul. - Dossiê",
    "link": "/br_dfanbsb_arx/0/0/0863/br_dfanbsb_arx_0_0_0863_d0001de0001.pdf"
  },
  {
    "title": "BR DFANBSB ARX.0.0.864 - ficha sobre ocorrência de objeto voador não identificado em curitiba, paraná. - Dossiê",
    "link": "/br_dfanbsb_arx/0/0/0864/br_dfanbsb_arx_0_0_0864_d0001de0001.pdf"
  },
  {
    "title": "BR DFANBSB ARX.0.0.865 - ficha sobre ocorrência de objeto voador não identificado em navegantes, santa catarina. - Dossiê",
    "link": "/br_dfanbsb_arx/0/0/0865/br_dfanbsb_arx_0_0_0865_d0001de0001.pdf"
  },
  {
    "title": "BR DFANBSB ARX.0.0.866 - ficha sobre ocorrência de objeto voador não identificado em santa catarina, rio grande do sul. - Dossiê",
    "link": "/br_dfanbsb_arx/0/0/0866/br_dfanbsb_arx_0_0_0866_d0001de0001.pdf"
  },
  {
    "title": "BR DFANBSB ARX.0.0.867 - ficha sobre ocorrência de objeto voador não identificado no paraná. - Dossiê",
    "link": "/br_dfanbsb_arx/0/0/0867/br_dfanbsb_arx_0_0_0867_d0001de0001.pdf"
  },
  {
    "title": "BR DFANBSB ARX.0.0.868 - ficha sobre ocorrência de objeto voador não identificado no rio de janeiro. - Dossiê",
    "link": "/br_dfanbsb_arx/0/0/0868/br_dfanbsb_arx_0_0_0868_d0001de0001.pdf"
  },
  {
    "title": "BR DFANBSB ARX.0.0.869 - ficha de ocorrência de objeto voador não identificado em porto alegre, rio grande do sul. - Dossiê",
    "link": "/br_dfanbsb_arx/0/0/0869/br_dfanbsb_arx_0_0_0869_d0001de0001.pdf"
  },
  {
    "title": "BR DFANBSB ARX.0.0.870 - ficha sobre ocorrência de objeto voador não identificado. - Dossiê",
    "link": "/br_dfanbsb_arx/0/0/0870/br_dfanbsb_arx_0_0_0870_d0001de0001.pdf"
  },
  {
    "title": "BR DFANBSB ARX.0.0.873 - ficha sobre ocorrência de objeto voador não identificado em uberaba/uberlândia/araxá, minas gerais. - Dossiê",
    "link": "/br_dfanbsb_arx/0/0/0873/br_dfanbsb_arx_0_0_0873_d0001de0001.pdf"
  },
  {
    "title": "BR DFANBSB ARX.0.0.874 - ficha sobre ocorrência de objeto voador não identificado. - Dossiê",
    "link": "/br_dfanbsb_arx/0/0/0874/br_dfanbsb_arx_0_0_0874_d0001de0001.pdf"
  },
  {
    "title": "BR DFANBSB ARX.0.0.875 - ficha sobre ocorrência de objeto voador não identificado em campo grande, mato grosso do sul. - Dossiê",
    "link": "/br_dfanbsb_arx/0/0/0875/br_dfanbsb_arx_0_0_0875_d0001de0001.pdf"
  },
  {
    "title": "BR DFANBSB ARX.0.0.876 - ficha sobre ocorrência de objeto voador não identificado em montes claros, minas gerais. - Dossiê",
    "link": "/br_dfanbsb_arx/0/0/0876/br_dfanbsb_arx_0_0_0876_d0001de0001.pdf"
  },
  {
    "title": "BR DFANBSB ARX.0.0.877 - ficha sobre ocorrência de objeto voador não identificado. - Dossiê",
    "link": "/br_dfanbsb_arx/0/0/0877/br_dfanbsb_arx_0_0_0877_d0001de0001.pdf"
  },
  {
    "title": "BR DFANBSB ARX.0.0.878 - ficha sobre ocorrência de objeto voador não identificado entre montes claros e confins. - Dossiê",
    "link": "/br_dfanbsb_arx/0/0/0878/br_dfanbsb_arx_0_0_0878_d0001de0001.pdf"
  },
  {
    "title": "BR DFANBSB ARX.0.0.879 - ficha sobre ocorrência de objeto voador não identificado em mato grosso. - Dossiê",
    "link": "/br_dfanbsb_arx/0/0/0879/br_dfanbsb_arx_0_0_0879_d0001de0001.pdf"
  },
  {
    "title": "BR DFANBSB ARX.0.0.880 - ficha sobre ocorrência de objeto voador não identificado. - Dossiê",
    "link": "/br_dfanbsb_arx/0/0/0880/br_dfanbsb_arx_0_0_0880_d0001de0001.pdf"
  },
  {
    "title": "BR DFANBSB ARX.0.0.881 - ficha sobre ocorrência de objeto voador não identificado em belém, pará. - Dossiê",
    "link": "/br_dfanbsb_arx/0/0/0881/br_dfanbsb_arx_0_0_0881_d0001de0001.pdf"
  },
  {
    "title": "BR DFANBSB ARX.0.0.882 - ficha sobre ocorrência de objeto voador não identificado em beberibe, ceará. - Dossiê",
    "link": "/br_dfanbsb_arx/0/0/0882/br_dfanbsb_arx_0_0_0882_d0001de0001.pdf"
  },
  {
    "title": "BR DFANBSB ARX.0.0.883 - ficha sobre ocorrência de objeto voador não identificado em diamantina, minas gerais. - Dossiê",
    "link": "/br_dfanbsb_arx/0/0/0883/br_dfanbsb_arx_0_0_0883_d0001de0001.pdf"
  },
  {
    "title": "BR DFANBSB ARX.0.0.884 - ficha sobre ocorrência de objeto voador não identificado. - Dossiê",
    "link": "/br_dfanbsb_arx/0/0/0884/br_dfanbsb_arx_0_0_0884_d0001de0001.pdf"
  },
  {
    "title": "BR DFANBSB ARX.0.0.886 - ficha sobre ocorrência de objeto voador não identificado. - Dossiê",
    "link": "/br_dfanbsb_arx/0/0/0886/br_dfanbsb_arx_0_0_0886_d0001de0001.pdf"
  },
  {
    "title": "BR DFANBSB ARX.0.0.887 - ficha sobre ocorrência de objeto voador não identificado em fortaleza, ceará. - Dossiê",
    "link": "/br_dfanbsb_arx/0/0/0887/br_dfanbsb_arx_0_0_0887_d0001de0001.pdf"
  },
  {
    "title": "BR DFANBSB ARX.0.0.888 - ficha sobre ocorrência de objeto voador não identificado. - Dossiê",
    "link": "/br_dfanbsb_arx/0/0/0888/br_dfanbsb_arx_0_0_0888_d0001de0001.pdf"
  }
]