[
  {
    "title": "BR DFANBSB ARX.0.0.89 - fotógrafo de goiás entrega a jornal três fotos que diz ter tirado de disco voador. - Dossiê",
    "link": "/br_dfanbsb_arx/0/0/0089/br_dfanbsb_arx_0_0_0089_d0001de0001.pdf"
  },
  {
    "title": "BR DFANBSB ARX.0.0.90 - história de disco voador. - Dossiê",
    "link": "/br_dfanbsb_arx/0/0/0090/br_dfanbsb_arx_0_0_0090_d0001de0001.pdf"
  },
  {
    "title": "BR DFANBSB ARX.0.0.91 - três discos voadores fazem manobras em angra dos reis. - Dossiê",
    "link": "/br_dfanbsb_arx/0/0/0091/br_dfanbsb_arx_0_0_0091_d0001de0001.pdf"
  },
  {
    "title": "BR DFANBSB ARX.0.0.92 - disco voador e estranha doença alarmaram ibiúna. - Dossiê",
    "link": "/br_dfanbsb_arx/0/0/0092/br_dfanbsb_arx_0_0_0092_d0001de0001.pdf"
  },
  {
    "title": "BR DFANBSB ARX.0.0.93 - outro disco voador  foi visto em osasco. - Dossiê",
    "link": "/br_dfanbsb_arx/0/0/0093/br_dfanbsb_arx_0_0_0093_d0001de0001.pdf"
  },
  {
    "title": "BR DFANBSB ARX.0.0.94 - disco voador sobrevoa o palácio dos despachos do governador. - Dossiê",
    "link": "/br_dfanbsb_arx/0/0/0094/br_dfanbsb_arx_0_0_0094_d0001de0001.pdf"
  },
  {
    "title": "BR DFANBSB ARX.0.0.95 - comissário reafirma ter visto disco na pavuna. - Dossiê",
    "link": "/br_dfanbsb_arx/0/0/0095/br_dfanbsb_arx_0_0_0095_d0001de0001.pdf"
  },
  {
    "title": "BR DFANBSB ARX.0.0.96 - o disco voador. - Dossiê",
    "link": "/br_dfanbsb_arx/0/0/0096/br_dfanbsb_arx_0_0_0096_d0001de0001.pdf"
  },
  {
    "title": "BR DFANBSB ARX.0.0.97 - disco voador nos céus de brasília. o dia. - Dossiê",
    "link": "/br_dfanbsb_arx/0/0/0097/br_dfanbsb_arx_0_0_0097_d0001de0001.pdf"
  },
  {
    "title": "BR DFANBSB ARX.0.0.97A - discos observados na cidade de tietê. o dia. - Dossiê",
    "link": "/br_dfanbsb_arx/0/0/0097a/br_dfanbsb_arx_0_0_0097a_d0001de0001.pdf"
  },
  {
    "title": "BR DFANBSB ARX.0.0.98 - médico fotografou um disco voador e muita gente em lavras também viu. - Dossiê",
    "link": "/br_dfanbsb_arx/0/0/0098/br_dfanbsb_arx_0_0_0098_d0001de0001.pdf"
  },
  {
    "title": "BR DFANBSB ARX.0.0.99 - morto o viajante do disco voador. - Dossiê",
    "link": "/br_dfanbsb_arx/0/0/0099/br_dfanbsb_arx_0_0_0099_d0001de0001.pdf"
  },
  {
    "title": "BR DFANBSB ARX.0.0.100 - semana da ciência terá conquista da lua e disco voador. - Dossiê",
    "link": "/br_dfanbsb_arx/0/0/0100/br_dfanbsb_arx_0_0_0100_d0001de0001.pdf"
  },
  {
    "title": "BR DFANBSB ARX.0.0.101 - objeto que parecia um disco voador foi visto em itaguaí. - Dossiê",
    "link": "/br_dfanbsb_arx/0/0/0101/br_dfanbsb_arx_0_0_0101_d0001de0001.pdf"
  },
  {
    "title": "BR DFANBSB ARX.0.0.101A - objeto que parecia um disco voador foi visto em itaguaí. - Dossiê",
    "link": "/br_dfanbsb_arx/0/0/0101a/br_dfanbsb_arx_0_0_0101a_d0001de0001.pdf"
  },
  {
    "title": "BR DFANBSB ARX.0.0.102 - polícia desvenda mistério da foto do disco voador. - Dossiê",
    "link": "/br_dfanbsb_arx/0/0/0102/br_dfanbsb_arx_0_0_0102_d0001de0001.pdf"
  },
  {
    "title": "BR DFANBSB ARX.0.0.103 - disco voador faz descarga de energia. - Dossiê",
    "link": "/br_dfanbsb_arx/0/0/0103/br_dfanbsb_arx_0_0_0103_d0001de0001.pdf"
  },
  {
    "title": "BR DFANBSB ARX.0.0.104 - estudante fotografa um disco sobre ouro preto. - Dossiê",
    "link": "/br_dfanbsb_arx/0/0/0104/br_dfanbsb_arx_0_0_0104_d0001de0001.pdf"
  },
  {
    "title": "BR DFANBSB ARX.0.0.105 - sob exames, soldado que viajou no disco voador. - Dossiê",
    "link": "/br_dfanbsb_arx/0/0/0105/br_dfanbsb_arx_0_0_0105_d0001de0001.pdf"
  },
  {
    "title": "BR DFANBSB ARX.0.0.106 - nota sobre exames para piloto de linha aérea, navegador e de despachante de operações de voo. o jornal. - Dossiê",
    "link": "/br_dfanbsb_arx/0/0/0106/br_dfanbsb_arx_0_0_0106_d0001de0001.pdf"
  },
  {
    "title": "BR DFANBSB ARX.0.0.107 - testemunhas confirmam a aparição do disco voador. - Dossiê",
    "link": "/br_dfanbsb_arx/0/0/0107/br_dfanbsb_arx_0_0_0107_d0001de0001.pdf"
  },
  {
    "title": "BR DFANBSB ARX.0.0.108 - discos voadores voltam a minas. - Dossiê",
    "link": "/br_dfanbsb_arx/0/0/0108/br_dfanbsb_arx_0_0_0108_d0001de0001.pdf"
  },
  {
    "title": "BR DFANBSB ARX.0.0.109 - sumiu o lavrador que viu e viajou no disco voador. - Dossiê",
    "link": "/br_dfanbsb_arx/0/0/0109/br_dfanbsb_arx_0_0_0109_d0001de0001.pdf"
  },
  {
    "title": "BR DFANBSB ARX.0.0.110 - disco voador transportou carro com 4 passageiros. - Dossiê",
    "link": "/br_dfanbsb_arx/0/0/0110/br_dfanbsb_arx_0_0_0110_d0001de0001.pdf"
  },
  {
    "title": "BR DFANBSB ARX.0.0.111 - o disco é este. - Dossiê",
    "link": "/br_dfanbsb_arx/0/0/0111/br_dfanbsb_arx_0_0_0111_d0001de0001.pdf"
  },
  {
    "title": "BR DFANBSB ARX.0.0.112 - discos - existem ou não? há provas, sim. - Dossiê",
    "link": "/br_dfanbsb_arx/0/0/0112/br_dfanbsb_arx_0_0_0112_d0001de0001.pdf"
  },
  {
    "title": "BR DFANBSB ARX.0.0.113 - discos têm três mil anos. - Dossiê",
    "link": "/br_dfanbsb_arx/0/0/0113/br_dfanbsb_arx_0_0_0113_d0001de0001.pdf"
  },
  {
    "title": "BR DFANBSB ARX.0.0.114 - discos (ainda) - convenhamos, todo boato tem um fundo de verdade. - Dossiê",
    "link": "/br_dfanbsb_arx/0/0/0114/br_dfanbsb_arx_0_0_0114_d0001de0001.pdf"
  },
  {
    "title": "BR DFANBSB ARX.0.0.115 - policiais veem na pavuna evoluções de disco voador. - Dossiê",
    "link": "/br_dfanbsb_arx/0/0/0115/br_dfanbsb_arx_0_0_0115_d0001de0001.pdf"
  },
  {
    "title": "BR DFANBSB ARX.0.0.116 - discos voadores voltam e os pesquisadores acreditam que trazem seres pacíficos. - Dossiê",
    "link": "/br_dfanbsb_arx/0/0/0116/br_dfanbsb_arx_0_0_0116_d0001de0001.pdf"
  },
  {
    "title": "BR DFANBSB ARX.0.0.117 - agora é em ibiúna que discos raptam pessoas. - Dossiê",
    "link": "/br_dfanbsb_arx/0/0/0117/br_dfanbsb_arx_0_0_0117_d0001de0001.pdf"
  },
  {
    "title": "BR DFANBSB ARX.0.0.118 - discos voadores: nota publicada na imprensa sobre conferência a ser proferida por flávio pereira sobre o tema no hspe, em são paulo. última hora. - Dossiê",
    "link": "/br_dfanbsb_arx/0/0/0118/br_dfanbsb_arx_0_0_0118_d0001de0001.pdf"
  },
  {
    "title": "BR DFANBSB ARX.0.0.119 - disco voador nos céus de presidente epitácio. - Dossiê",
    "link": "/br_dfanbsb_arx/0/0/0119/br_dfanbsb_arx_0_0_0119_d0001de0001.pdf"
  },
  {
    "title": "BR DFANBSB ARX.0.0.120 - resposta a uma certa sobre discos voadores. - Dossiê",
    "link": "/br_dfanbsb_arx/0/0/0120/br_dfanbsb_arx_0_0_0120_d0001de0001.pdf"
  },
  {
    "title": "BR DFANBSB ARX.0.0.121 - discos voadores em discussão. - Dossiê",
    "link": "/br_dfanbsb_arx/0/0/0121/br_dfanbsb_arx_0_0_0121_d0001de0001.pdf"
  },
  {
    "title": "BR DFANBSB ARX.0.0.122 - osasco viu um disco voador. - Dossiê",
    "link": "/br_dfanbsb_arx/0/0/0122/br_dfanbsb_arx_0_0_0122_d0001de0001.pdf"
  },
  {
    "title": "BR DFANBSB ARX.0.0.122A - outro disco voador em osasco. - Dossiê",
    "link": "/br_dfanbsb_arx/0/0/0122a/br_dfanbsb_arx_0_0_0122a_d0001de0001.pdf"
  },
  {
    "title": "BR DFANBSB ARX.0.0.123 - a problemática dos discos voadores. - Dossiê",
    "link": "/br_dfanbsb_arx/0/0/0123/br_dfanbsb_arx_0_0_0123_d0001de0001.pdf"
  },
  {
    "title": "BR DFANBSB ARX.0.0.124 - carta de leitor considerando os discos voadores uma realidade. última hora. - Dossiê",
    "link": "/br_dfanbsb_arx/0/0/0124/br_dfanbsb_arx_0_0_0124_d0001de0001.pdf"
  },
  {
    "title": "BR DFANBSB ARX.0.0.125 - discos voadores, tema que continua em debate. - Dossiê",
    "link": "/br_dfanbsb_arx/0/0/0125/br_dfanbsb_arx_0_0_0125_d0001de0001.pdf"
  },
  {
    "title": "BR DFANBSB ARX.0.0.126 - disco voador fotografado nos céus de goiânia. - Dossiê",
    "link": "/br_dfanbsb_arx/0/0/0126/br_dfanbsb_arx_0_0_0126_d0001de0001.pdf"
  },
  {
    "title": "BR DFANBSB ARX.0.0.126A - dia 31 é da aeromoça. - Dossiê",
    "link": "/br_dfanbsb_arx/0/0/0126a/br_dfanbsb_arx_0_0_0126a_d0001de0001.pdf"
  },
  {
    "title": "BR DFANBSB ARX.0.0.126B - ourinhos verá esquadrilha. - Dossiê",
    "link": "/br_dfanbsb_arx/0/0/0126b/br_dfanbsb_arx_0_0_0126b_d0001de0001.pdf"
  },
  {
    "title": "BR DFANBSB ARX.0.0.127 - eu sei que existem os discos voadores. - Dossiê",
    "link": "/br_dfanbsb_arx/0/0/0127/br_dfanbsb_arx_0_0_0127_d0001de0001.pdf"
  },
  {
    "title": "BR DFANBSB ARX.0.0.128 - objeto não identificado em bauru, estado de são paulo. - Dossiê",
    "link": "/br_dfanbsb_arx/0/0/0128/br_dfanbsb_arx_0_0_0128_d0001de0001.pdf"
  },
  {
    "title": "BR DFANBSB ARX.0.0.129 - explosão de objeto aéreo não identificado. - Dossiê",
    "link": "/br_dfanbsb_arx/0/0/0129/br_dfanbsb_arx_0_0_0129_d0001de0001.pdf"
  },
  {
    "title": "BR DFANBSB ARX.0.0.130 - explosão em vicente dutra, estado do rio grande do sul. - Dossiê",
    "link": "/br_dfanbsb_arx/0/0/0130/br_dfanbsb_arx_0_0_0130_d0001de0001.pdf"
  },
  {
    "title": "BR DFANBSB ARX.0.0.131 - informe complementar sobre objeto estranho avistado em varginha e que seguiu em direção a três corações, estado de minas gerais. - Dossiê",
    "link": "/br_dfanbsb_arx/0/0/0131/br_dfanbsb_arx_0_0_0131_d0001de0001.pdf"
  },
  {
    "title": "BR DFANBSB ARX.0.0.132 - discos voadores: avistamento de objeto não identificado sobre recife e olinda, estado de pernambuco. - Dossiê",
    "link": "/br_dfanbsb_arx/0/0/0132/br_dfanbsb_arx_0_0_0132_d0001de0001.pdf"
  }
]