[
  {
    "title": "BR DFANBSB ARX.0.0.133 - relatório de avistamento de disco voador em guaratinguetá, estado de são paulo,  por volta do ano de 1954. - Dossiê",
    "link": "/br_dfanbsb_arx/0/0/0133/br_dfanbsb_arx_0_0_0133_d0001de0001.pdf"
  },
  {
    "title": "BR DFANBSB ARX.0.0.134 - disco voador caiu no espírito santo e farmacêutico viu. diário de pernambuco. - Dossiê",
    "link": "/br_dfanbsb_arx/0/0/0134/br_dfanbsb_arx_0_0_0134_d0001de0001.pdf"
  },
  {
    "title": "BR DFANBSB ARX.0.0.135 - estimativas de formas e dimensões de objetos voadores não identificados a partir de relatos verbais. - Dossiê",
    "link": "/br_dfanbsb_arx/0/0/0135/br_dfanbsb_arx_0_0_0135_d0001de0001.pdf"
  },
  {
    "title": "BR DFANBSB ARX.0.0.136 - cópias de documentos da década de 1960, parcialmente legíveis. - Dossiê",
    "link": "/br_dfanbsb_arx/0/0/0136/br_dfanbsb_arx_0_0_0136_d0001de0001.pdf"
  },
  {
    "title": "BR DFANBSB ARX.0.0.137 - discos seguem ônibus cheio de estudantes: avistamento de objetos voadores na região de mendes, estado do rio de janeiro. matéria publicada em jornal. - Dossiê",
    "link": "/br_dfanbsb_arx/0/0/0137/br_dfanbsb_arx_0_0_0137_d0001de0001.pdf"
  },
  {
    "title": "BR DFANBSB ARX.0.0.138 - objeto voador não identificado avistado na região do morro da onça, araxá(?), estado de minas gerais. - Dossiê",
    "link": "/br_dfanbsb_arx/0/0/0138/br_dfanbsb_arx_0_0_0138_d0001de0001.pdf"
  },
  {
    "title": "BR DFANBSB ARX.0.0.139 - aparecimento de um objeto estranho, forma ovóide, luminoso. - Dossiê",
    "link": "/br_dfanbsb_arx/0/0/0139/br_dfanbsb_arx_0_0_0139_d0001de0001.pdf"
  },
  {
    "title": "BR DFANBSB ARX.0.0.140 - objeto voador não identificado avistado em belo horizonte, estado de minas gerais. - Dossiê",
    "link": "/br_dfanbsb_arx/0/0/0140/br_dfanbsb_arx_0_0_0140_d0001de0001.pdf"
  },
  {
    "title": "BR DFANBSB ARX.0.0.141 - interesse por objetos não identificados. - Dossiê",
    "link": "/br_dfanbsb_arx/0/0/0141/br_dfanbsb_arx_0_0_0141_d0001de0001.pdf"
  },
  {
    "title": "BR DFANBSB ARX.0.0.142 - objeto voador não identificado: relatório sobre avistamento na estrada rio-bahia, próximo à região de realeza, estado de minas gerais. - Dossiê",
    "link": "/br_dfanbsb_arx/0/0/0142/br_dfanbsb_arx_0_0_0142_d0001de0001.pdf"
  },
  {
    "title": "BR DFANBSB ARX.0.0.143 - objetos não identificados: correspondência encaminhada à 4a zona aérea (não anexa). - Dossiê",
    "link": "/br_dfanbsb_arx/0/0/0143/br_dfanbsb_arx_0_0_0143_d0001de0001.pdf"
  },
  {
    "title": "BR DFANBSB ARX.0.0.144 - relatório de ocorrência de avistamento de objeto voador não identificado na região de pirassununga, estado de são paulo. - Dossiê",
    "link": "/br_dfanbsb_arx/0/0/0144/br_dfanbsb_arx_0_0_0144_d0001de0001.pdf"
  },
  {
    "title": "BR DFANBSB ARX.0.0.145 - estranha luz na estrada intermunicipal ubirajara-calia. - Dossiê",
    "link": "/br_dfanbsb_arx/0/0/0145/br_dfanbsb_arx_0_0_0145_d0001de0001.pdf"
  },
  {
    "title": "BR DFANBSB ARX.0.0.145 - estranha luz na estrada intermunicipal ubirajara-calia. - Dossiê - 2",
    "link": "/br_dfanbsb_arx/0/0/0145/br_dfanbsb_arx_0_0_0145_d0001de0003.pdf"
  },
  {
    "title": "BR DFANBSB ARX.0.0.145 - estranha luz na estrada intermunicipal ubirajara-calia. - Dossiê - 3",
    "link": "/br_dfanbsb_arx/0/0/0145/br_dfanbsb_arx_0_0_0145_d0002de0003.pdf"
  },
  {
    "title": "BR DFANBSB ARX.0.0.145 - estranha luz na estrada intermunicipal ubirajara-calia. - Dossiê - 4",
    "link": "/br_dfanbsb_arx/0/0/0145/br_dfanbsb_arx_0_0_0145_d0003de0003.pdf"
  },
  {
    "title": "BR DFANBSB ARX.0.0.146 - divulgação de notícias vinculadas a tráfego hotel de diversas fontes. - Dossiê",
    "link": "/br_dfanbsb_arx/0/0/0146/br_dfanbsb_arx_0_0_0146_d0001de0001.pdf"
  },
  {
    "title": "BR DFANBSB ARX.0.0.147 - cópia de sindicância prévia elaborada pela delegacia de polícia de votorantim. - Dossiê",
    "link": "/br_dfanbsb_arx/0/0/0147/br_dfanbsb_arx_0_0_0147_d0001de0001.pdf"
  },
  {
    "title": "BR DFANBSB ARX.0.0.147 - cópia de sindicância prévia elaborada pela delegacia de polícia de votorantim. - Dossiê - 2",
    "link": "/br_dfanbsb_arx/0/0/0147/br_dfanbsb_arx_0_0_0147_d0001de0002.pdf"
  },
  {
    "title": "BR DFANBSB ARX.0.0.147 - cópia de sindicância prévia elaborada pela delegacia de polícia de votorantim. - Dossiê - 3",
    "link": "/br_dfanbsb_arx/0/0/0147/br_dfanbsb_arx_0_0_0147_d0002de0002.pdf"
  },
  {
    "title": "BR DFANBSB ARX.0.0.148 - relatório de avistamento de objeto aéreo (voador) não identificado na região de belo horizonte, estado de minas gerais. - Dossiê",
    "link": "/br_dfanbsb_arx/0/0/0148/br_dfanbsb_arx_0_0_0148_d0001de0001.pdf"
  },
  {
    "title": "BR DFANBSB ARX.0.0.149 - solicitação de informações sobre evento.\n - Dossiê",
    "link": "/br_dfanbsb_arx/0/0/0149/br_dfanbsb_arx_0_0_0149_d0001de0001.pdf"
  },
  {
    "title": "BR DFANBSB ARX.0.0.150 - informe sobre avistamento de objeto não identificado na região de lewistown, montana. - Dossiê",
    "link": "/br_dfanbsb_arx/0/0/0150/br_dfanbsb_arx_0_0_0150_d0001de0001.pdf"
  },
  {
    "title": "BR DFANBSB ARX.0.0.151 - fatos estranhos ocorridos com animais em fazendas. - Dossiê",
    "link": "/br_dfanbsb_arx/0/0/0151/br_dfanbsb_arx_0_0_0151_d0001de0001.pdf"
  },
  {
    "title": "BR DFANBSB ARX.0.0.152 - mensagem de seres extraterrestres (mensagem telepática). - Dossiê",
    "link": "/br_dfanbsb_arx/0/0/0152/br_dfanbsb_arx_0_0_0152_d0001de0001.pdf"
  },
  {
    "title": "BR DFANBSB ARX.0.0.153 - indicação de militar para participação em simpósio internacional de ufologia. - Dossiê",
    "link": "/br_dfanbsb_arx/0/0/0153/br_dfanbsb_arx_0_0_0153_d0001de0001.pdf"
  },
  {
    "title": "BR DFANBSB ARX.0.0.154 - confirmação da presença de cientista ao evento (j. allen hynek). - Dossiê",
    "link": "/br_dfanbsb_arx/0/0/0154/br_dfanbsb_arx_0_0_0154_d0001de0001.pdf"
  },
  {
    "title": "BR DFANBSB ARX.0.0.155 - 1º simpósio internacional de ufologia. - Dossiê",
    "link": "/br_dfanbsb_arx/0/0/0155/br_dfanbsb_arx_0_0_0155_d0001de0001.pdf"
  },
  {
    "title": "BR DFANBSB ARX.0.0.155 - 1º simpósio internacional de ufologia. - Dossiê - 2",
    "link": "/br_dfanbsb_arx/0/0/0155/br_dfanbsb_arx_0_0_0155_d0001de0005.pdf"
  },
  {
    "title": "BR DFANBSB ARX.0.0.155 - 1º simpósio internacional de ufologia. - Dossiê - 3",
    "link": "/br_dfanbsb_arx/0/0/0155/br_dfanbsb_arx_0_0_0155_d0002de0005.pdf"
  },
  {
    "title": "BR DFANBSB ARX.0.0.155 - 1º simpósio internacional de ufologia. - Dossiê - 4",
    "link": "/br_dfanbsb_arx/0/0/0155/br_dfanbsb_arx_0_0_0155_d0003de0005.pdf"
  },
  {
    "title": "BR DFANBSB ARX.0.0.155 - 1º simpósio internacional de ufologia. - Dossiê - 5",
    "link": "/br_dfanbsb_arx/0/0/0155/br_dfanbsb_arx_0_0_0155_d0004de0005.pdf"
  },
  {
    "title": "BR DFANBSB ARX.0.0.155 - 1º simpósio internacional de ufologia. - Dossiê - 6",
    "link": "/br_dfanbsb_arx/0/0/0155/br_dfanbsb_arx_0_0_0155_d0005de0005.pdf"
  },
  {
    "title": "BR DFANBSB ARX.0.0.156 - ufo- uma reconsideração: resenha dos livros de david michael jacobs the ufo controversy in america e the bermuda triangle mystery-solved, de lawrence david kusche. air university review. - Dossiê",
    "link": "/br_dfanbsb_arx/0/0/0156/br_dfanbsb_arx_0_0_0156_d0001de0001.pdf"
  },
  {
    "title": "BR DFANBSB ARX.0.0.157 - extraterrestre. - Dossiê",
    "link": "/br_dfanbsb_arx/0/0/0157/br_dfanbsb_arx_0_0_0157_d0001de0001.pdf"
  },
  {
    "title": "BR DFANBSB ARX.0.0.158 - 1º congresso interamericano de ufologia. - Dossiê",
    "link": "/br_dfanbsb_arx/0/0/0158/br_dfanbsb_arx_0_0_0158_d0001de0001.pdf"
  },
  {
    "title": "BR DFANBSB ARX.0.0.159 - fenômenos luminosos observado em fazenda. - Dossiê",
    "link": "/br_dfanbsb_arx/0/0/0159/br_dfanbsb_arx_0_0_0159_d0001de0001.pdf"
  },
  {
    "title": "BR DFANBSB ARX.0.0.160 - carta sobre interesse em obter material fotográfico e filmes sobre ocorrências de objetos voadores não identificados. - Dossiê",
    "link": "/br_dfanbsb_arx/0/0/0160/br_dfanbsb_arx_0_0_0160_d0001de0001.pdf"
  },
  {
    "title": "BR DFANBSB ARX.0.0.161 - liberação de relatório sobre objetos voadores não identificados (ovni). - Dossiê",
    "link": "/br_dfanbsb_arx/0/0/0161/br_dfanbsb_arx_0_0_0161_d0001de0001.pdf"
  },
  {
    "title": "BR DFANBSB ARX.0.0.161 - liberação de relatório sobre objetos voadores não identificados (ovni). - Dossiê - 2",
    "link": "/br_dfanbsb_arx/0/0/0161/br_dfanbsb_arx_0_0_0161_d0001de0002.pdf"
  },
  {
    "title": "BR DFANBSB ARX.0.0.161 - liberação de relatório sobre objetos voadores não identificados (ovni). - Dossiê - 3",
    "link": "/br_dfanbsb_arx/0/0/0161/br_dfanbsb_arx_0_0_0161_d0002de0002.pdf"
  },
  {
    "title": "BR DFANBSB ARX.0.0.162 - colaboração com o emaer. - Dossiê",
    "link": "/br_dfanbsb_arx/0/0/0162/br_dfanbsb_arx_0_0_0162_d0001de0001.pdf"
  },
  {
    "title": "BR DFANBSB ARX.0.0.163 - colaboração com o emaer. - Dossiê",
    "link": "/br_dfanbsb_arx/0/0/0163/br_dfanbsb_arx_0_0_0163_d0001de0001.pdf"
  },
  {
    "title": "BR DFANBSB ARX.0.0.164 - informações científicas sobre ovni. - Dossiê",
    "link": "/br_dfanbsb_arx/0/0/0164/br_dfanbsb_arx_0_0_0164_d0001de0001.pdf"
  },
  {
    "title": "BR DFANBSB ARX.0.0.165 - solicitação de viagem em avião da fab. - Dossiê",
    "link": "/br_dfanbsb_arx/0/0/0165/br_dfanbsb_arx_0_0_0165_d0001de0001.pdf"
  },
  {
    "title": "BR DFANBSB ARX.0.0.166 - tráfego hotel: discos voadores. - Dossiê",
    "link": "/br_dfanbsb_arx/0/0/0166/br_dfanbsb_arx_0_0_0166_d0001de0001.pdf"
  },
  {
    "title": "BR DFANBSB ARX.0.0.167 - correspondência sobre pedido de robert todd de informações sobre incidente ocorrido em 1957 em forte itaipu, estado de são paulo, quando se observava um objeto não identificado. - Dossiê",
    "link": "/br_dfanbsb_arx/0/0/0167/br_dfanbsb_arx_0_0_0167_d0001de0001.pdf"
  },
  {
    "title": "BR DFANBSB ARX.0.0.168 - viagem em avião da fab. - Dossiê",
    "link": "/br_dfanbsb_arx/0/0/0168/br_dfanbsb_arx_0_0_0168_d0001de0001.pdf"
  },
  {
    "title": "BR DFANBSB ARX.0.0.169 - colaboração com o emaer: informações de avistamentos de ufos (objetos voadores não identificados) nas regiões de pelotas e rio grande, no rio grande do sul, em são gonçalo, estado do rio de janeiro, e - Dossiê",
    "link": "/br_dfanbsb_arx/0/0/0169/br_dfanbsb_arx_0_0_0169_d0001de0001.pdf"
  },
  {
    "title": "BR DFANBSB ARX.0.0.170 - transcrição de ocorrência de objeto voador não identificado em região próxima a vitória, espírito santo, relatada por tripulação de aeronave que havia partido da base aérea de salvador em direção ao r - Dossiê",
    "link": "/br_dfanbsb_arx/0/0/0170/br_dfanbsb_arx_0_0_0170_d0001de0001.pdf"
  }
]