[
  {
    "title": "BR DFANBSB ARX.0.0.171 - convite para partilhar informações sobre extraterrestres com o ufo education center, incluindo informações sobre as atividades do centro, com destaque para algumas ocorrências observadas, e carta diri - Dossiê",
    "link": "/br_dfanbsb_arx/0/0/0171/br_dfanbsb_arx_0_0_0171_d0001de0001.pdf"
  },
  {
    "title": "BR DFANBSB ARX.0.0.172 - objeto luminoso está causando medo no maranhão [avistamento de objeto voador não identificado na baixada maranhense e ilha de são luís]. jornal de brasília. - Dossiê",
    "link": "/br_dfanbsb_arx/0/0/0172/br_dfanbsb_arx_0_0_0172_d0001de0001.pdf"
  },
  {
    "title": "BR DFANBSB ARX.0.0.173 - informações sobre ocorrências de objetos voadores não identificados próximas a malmstrom afb (base da força aérea de malmstrom), estado de montana, estados unidos, entre outubro e novembro de 1975. - Dossiê",
    "link": "/br_dfanbsb_arx/0/0/0173/br_dfanbsb_arx_0_0_0173_d0001de0001.pdf"
  },
  {
    "title": "BR DFANBSB ARX.0.0.174 - mistério: o brasil voltou a ver proezas do disco voador [ocorrência de objeto voador não identificado na praia de atafona, em são joão da barra]. jornal de brasília. - Dossiê",
    "link": "/br_dfanbsb_arx/0/0/0174/br_dfanbsb_arx_0_0_0174_d0001de0001.pdf"
  },
  {
    "title": "BR DFANBSB ARX.0.0.175 - fred valentich: the missing australian pilot.  international ufo reporter, v. 3, n. 12 . - Dossiê",
    "link": "/br_dfanbsb_arx/0/0/0175/br_dfanbsb_arx_0_0_0175_d0001de0001.pdf"
  },
  {
    "title": "BR DFANBSB ARX.0.0.176 - ocorrência no acc brasília: avistamento por aeronave de objeto luminoso entre bauru e campinas, estado de são paulo. - Dossiê",
    "link": "/br_dfanbsb_arx/0/0/0176/br_dfanbsb_arx_0_0_0176_d0001de0001.pdf"
  },
  {
    "title": "BR DFANBSB ARX.0.0.177 - informes sobre ocorrências de objetos voadores não identificados em áreas próximas a montes claros (minas gerais), recife (pernambuco), piritiba (bahia, na chapada diamantina) e florença (itália). - Dossiê",
    "link": "/br_dfanbsb_arx/0/0/0177/br_dfanbsb_arx_0_0_0177_d0001de0001.pdf"
  },
  {
    "title": "BR DFANBSB ARX.0.0.178 - encaminhamento de notícias veiculadas pela imprensa sobre ocorrências de objetos voadores não identificados em acari e macaíba, estado do rio grande do norte. - Dossiê",
    "link": "/br_dfanbsb_arx/0/0/0178/br_dfanbsb_arx_0_0_0178_d0001de0001.pdf"
  },
  {
    "title": "BR DFANBSB ARX.0.0.179 - fotografia e objetos aéreos não identificados (procedimentos técnicos para bons resultados). - Dossiê",
    "link": "/br_dfanbsb_arx/0/0/0179/br_dfanbsb_arx_0_0_0179_d0001de0001.pdf"
  },
  {
    "title": "BR DFANBSB ARX.0.0.180 - questionário preenchido pela aeronáutica para a putnam's ufo encyclopedia, organizada por margareth sachs e ernest jahn. - Dossiê",
    "link": "/br_dfanbsb_arx/0/0/0180/br_dfanbsb_arx_0_0_0180_d0001de0001.pdf"
  },
  {
    "title": "BR DFANBSB ARX.0.0.181 - comunicados de ocorrências de objetos voadores não identificados. - Dossiê",
    "link": "/br_dfanbsb_arx/0/0/0181/br_dfanbsb_arx_0_0_0181_d0001de0001.pdf"
  },
  {
    "title": "BR DFANBSB ARX.0.0.182 - caso legnaioli: relatório sobre investigação de ocorrência no bairro da penha, na cidade de são paulo, em  julho de 1978. - Dossiê",
    "link": "/br_dfanbsb_arx/0/0/0182/br_dfanbsb_arx_0_0_0182_d0001de0001.pdf"
  },
  {
    "title": "BR DFANBSB ARX.0.0.183 - casos conhecidos de ovnis registrados pelo cindacta i entre 21 de maio de 1977 e 23 de agosto de 1978. - Dossiê",
    "link": "/br_dfanbsb_arx/0/0/0183/br_dfanbsb_arx_0_0_0183_d0001de0001.pdf"
  },
  {
    "title": "BR DFANBSB ARX.0.0.183 - casos conhecidos de ovnis registrados pelo cindacta i entre 21 de maio de 1977 e 23 de agosto de 1978. - Dossiê - 2",
    "link": "/br_dfanbsb_arx/0/0/0183/br_dfanbsb_arx_0_0_0183_d0001de0002.pdf"
  },
  {
    "title": "BR DFANBSB ARX.0.0.183 - casos conhecidos de ovnis registrados pelo cindacta i entre 21 de maio de 1977 e 23 de agosto de 1978. - Dossiê - 3",
    "link": "/br_dfanbsb_arx/0/0/0183/br_dfanbsb_arx_0_0_0183_d0002de0002.pdf"
  },
  {
    "title": "BR DFANBSB ARX.0.0.184 - registro de observações de objetos voadores não identificados na região do estado do pará, entre setembro de 1977 e novembro de 1978,  especialmente nos municípios de ananindeua, baía de marajó, belém - Dossiê",
    "link": "/br_dfanbsb_arx/0/0/0184/br_dfanbsb_arx_0_0_0184_d0001de0001.pdf"
  },
  {
    "title": "BR DFANBSB ARX.0.0.184 - registro de observações de objetos voadores não identificados na região do estado do pará, entre setembro de 1977 e novembro de 1978,  especialmente nos municípios de ananindeua, baía de marajó, belém - Dossiê - 2",
    "link": "/br_dfanbsb_arx/0/0/0184/br_dfanbsb_arx_0_0_0184_d0001de0009.pdf"
  },
  {
    "title": "BR DFANBSB ARX.0.0.184 - registro de observações de objetos voadores não identificados na região do estado do pará, entre setembro de 1977 e novembro de 1978,  especialmente nos municípios de ananindeua, baía de marajó, belém - Dossiê - 3",
    "link": "/br_dfanbsb_arx/0/0/0184/br_dfanbsb_arx_0_0_0184_d0002de0009.pdf"
  },
  {
    "title": "BR DFANBSB ARX.0.0.184 - registro de observações de objetos voadores não identificados na região do estado do pará, entre setembro de 1977 e novembro de 1978,  especialmente nos municípios de ananindeua, baía de marajó, belém - Dossiê - 4",
    "link": "/br_dfanbsb_arx/0/0/0184/br_dfanbsb_arx_0_0_0184_d0003de0009.pdf"
  },
  {
    "title": "BR DFANBSB ARX.0.0.184 - registro de observações de objetos voadores não identificados na região do estado do pará, entre setembro de 1977 e novembro de 1978,  especialmente nos municípios de ananindeua, baía de marajó, belém - Dossiê - 5",
    "link": "/br_dfanbsb_arx/0/0/0184/br_dfanbsb_arx_0_0_0184_d0004de0009.pdf"
  },
  {
    "title": "BR DFANBSB ARX.0.0.184 - registro de observações de objetos voadores não identificados na região do estado do pará, entre setembro de 1977 e novembro de 1978,  especialmente nos municípios de ananindeua, baía de marajó, belém - Dossiê - 6",
    "link": "/br_dfanbsb_arx/0/0/0184/br_dfanbsb_arx_0_0_0184_d0005de0009.pdf"
  },
  {
    "title": "BR DFANBSB ARX.0.0.184 - registro de observações de objetos voadores não identificados na região do estado do pará, entre setembro de 1977 e novembro de 1978,  especialmente nos municípios de ananindeua, baía de marajó, belém - Dossiê - 7",
    "link": "/br_dfanbsb_arx/0/0/0184/br_dfanbsb_arx_0_0_0184_d0006de0009.pdf"
  },
  {
    "title": "BR DFANBSB ARX.0.0.184 - registro de observações de objetos voadores não identificados na região do estado do pará, entre setembro de 1977 e novembro de 1978,  especialmente nos municípios de ananindeua, baía de marajó, belém - Dossiê - 8",
    "link": "/br_dfanbsb_arx/0/0/0184/br_dfanbsb_arx_0_0_0184_d0007de0009.pdf"
  },
  {
    "title": "BR DFANBSB ARX.0.0.184 - registro de observações de objetos voadores não identificados na região do estado do pará, entre setembro de 1977 e novembro de 1978,  especialmente nos municípios de ananindeua, baía de marajó, belém - Dossiê - 9",
    "link": "/br_dfanbsb_arx/0/0/0184/br_dfanbsb_arx_0_0_0184_d0008de0009.pdf"
  },
  {
    "title": "BR DFANBSB ARX.0.0.184 - registro de observações de objetos voadores não identificados na região do estado do pará, entre setembro de 1977 e novembro de 1978,  especialmente nos municípios de ananindeua, baía de marajó, belém - Dossiê - 10",
    "link": "/br_dfanbsb_arx/0/0/0184/br_dfanbsb_arx_0_0_0184_d0009de0009.pdf"
  },
  {
    "title": "BR DFANBSB ARX.0.0.185 - relato de ocorrências referentes a objeto luminoso não identificado na área do destacamento de proteção ao voo, deteção e telecomunicações, em brasília, em 20 de junho de 1978. - Dossiê",
    "link": "/br_dfanbsb_arx/0/0/0185/br_dfanbsb_arx_0_0_0185_d0001de0001.pdf"
  },
  {
    "title": "BR DFANBSB ARX.0.0.186 - transcrição de gravação de conversa entre aeronaves sobre objeto voador não identificado no dia 6 de dezembro de 1978 avistado especialmente na região de campinas, bauru e são paulo. - Dossiê",
    "link": "/br_dfanbsb_arx/0/0/0186/br_dfanbsb_arx_0_0_0186_d0001de0001.pdf"
  },
  {
    "title": "BR DFANBSB ARX.0.0.187 - relatório de ocorrência de objeto voador não identificado sobre o destacamento de proteção, deteção e telecomunicações, localizado no sítio do gama, distrito federal. - Dossiê",
    "link": "/br_dfanbsb_arx/0/0/0187/br_dfanbsb_arx_0_0_0187_d0001de0001.pdf"
  },
  {
    "title": "BR DFANBSB ARX.0.0.188 - comunicação de ocorrência de objeto luminoso não identificado na rota belo horizonte-curitiba. - Dossiê",
    "link": "/br_dfanbsb_arx/0/0/0188/br_dfanbsb_arx_0_0_0188_d0001de0001.pdf"
  },
  {
    "title": "BR DFANBSB ARX.0.0.189 - comunicação de ocorrência de objeto voador não identificado entre paracatu e cristalina, são paulo e brasília, em agosto de 1978. - Dossiê",
    "link": "/br_dfanbsb_arx/0/0/0189/br_dfanbsb_arx_0_0_0189_d0001de0001.pdf"
  },
  {
    "title": "BR DFANBSB ARX.0.0.190 - encaminhamento de relatórios (não anexos) sobre ocorrência de objeto não identificado sobre o destacamento de proteção ao voo,  no sítio do gama, distrito federal,  na noite de 20 de junho de 1978. - Dossiê",
    "link": "/br_dfanbsb_arx/0/0/0190/br_dfanbsb_arx_0_0_0190_d0001de0001.pdf"
  },
  {
    "title": "BR DFANBSB ARX.0.0.191 - encaminhamento de reportagens sobre objetos voadores não identificados  avistados na localidade de xique-xique, estado do rio grande do norte, e anápolis, estado de goiás,  publicadas na imprensa loca - Dossiê",
    "link": "/br_dfanbsb_arx/0/0/0191/br_dfanbsb_arx_0_0_0191_d0001de0001.pdf"
  },
  {
    "title": "BR DFANBSB ARX.0.0.192 - the new zealand ufo films part i. international ufo reporter, v. 4, n. 1. - Dossiê",
    "link": "/br_dfanbsb_arx/0/0/0192/br_dfanbsb_arx_0_0_0192_d0001de0001.pdf"
  },
  {
    "title": "BR DFANBSB ARX.0.0.193 - the new zealand film analysis part ii. international ufo reporter, v. 4, n. 2. - Dossiê",
    "link": "/br_dfanbsb_arx/0/0/0193/br_dfanbsb_arx_0_0_0193_d0001de0001.pdf"
  },
  {
    "title": "BR DFANBSB ARX.0.0.194 - carta sobre avistamento de objeto voador não identificado na região de guará i, distrito federal, contendo desenho  do trajeto do dito objeto.\n - Dossiê",
    "link": "/br_dfanbsb_arx/0/0/0194/br_dfanbsb_arx_0_0_0194_d0001de0001.pdf"
  },
  {
    "title": "BR DFANBSB ARX.0.0.195 - encaminhamento de matérias publicadas em jornais sobre ocorrências de objetos voadores não identificados em anápolis, estado de goiás e são josé do rio preto, estado de são paulo. - Dossiê",
    "link": "/br_dfanbsb_arx/0/0/0195/br_dfanbsb_arx_0_0_0195_d0001de0001.pdf"
  },
  {
    "title": "BR DFANBSB ARX.0.0.196 - termo de entrega e recebimento de filme em super-8 referente a ocorrência de objeto voador não identificado em tatuapé, estado de são paulo, em dezembro de 1978. - Dossiê",
    "link": "/br_dfanbsb_arx/0/0/0196/br_dfanbsb_arx_0_0_0196_d0001de0002.pdf"
  },
  {
    "title": "BR DFANBSB ARX.0.0.197 - encaminhamento de índice de 130 registros de observações referentes a objetos voadores não identificados, catalogados pela segunda seção do estado-maior da aeronáutica entre os anos de 1977 e 1978, co - Dossiê",
    "link": "/br_dfanbsb_arx/0/0/0197/br_dfanbsb_arx_0_0_0197_d0001de0001.pdf"
  },
  {
    "title": "BR DFANBSB ARX.0.0.198 - a helicopter-ufo encounter over ohio. - Dossiê",
    "link": "/br_dfanbsb_arx/0/0/0198/br_dfanbsb_arx_0_0_0198_d0001de0001.pdf"
  },
  {
    "title": "BR DFANBSB ARX.0.0.199 - relatório de observação de objeto voador não identificado em ceres, goiás. - Dossiê",
    "link": "/br_dfanbsb_arx/0/0/0199/br_dfanbsb_arx_0_0_0199_d0001de0001.pdf"
  },
  {
    "title": "BR DFANBSB ARX.0.0.200 - modelo de questionário, em inglês e espanhol, adotado pelo comitê nacional de investigações sobre fenômenos aéreos, obtido pelo embaixador  joão batista pinheiro, para registro de ocorrências de objet - Dossiê",
    "link": "/br_dfanbsb_arx/0/0/0200/br_dfanbsb_arx_0_0_0200_d0001de0001.pdf"
  },
  {
    "title": "BR DFANBSB ARX.0.0.201 - relatório sobre incidente com o navio rebocador caioba-seahorse, em 13 de setembro de 1980, elaborado pelo tenente-coronel aviador francisco josé hennemam filho, do centro de lançamento de foguetes da - Dossiê",
    "link": "/br_dfanbsb_arx/0/0/0201/br_dfanbsb_arx_0_0_0201_d0001de0001.pdf"
  },
  {
    "title": "BR DFANBSB ARX.0.0.201 - relatório sobre incidente com o navio rebocador caioba-seahorse, em 13 de setembro de 1980, elaborado pelo tenente-coronel aviador francisco josé hennemam filho, do centro de lançamento de foguetes da - Dossiê - 2",
    "link": "/br_dfanbsb_arx/0/0/0201/br_dfanbsb_arx_0_0_0201_d0001de0003.pdf"
  },
  {
    "title": "BR DFANBSB ARX.0.0.201 - relatório sobre incidente com o navio rebocador caioba-seahorse, em 13 de setembro de 1980, elaborado pelo tenente-coronel aviador francisco josé hennemam filho, do centro de lançamento de foguetes da - Dossiê - 3",
    "link": "/br_dfanbsb_arx/0/0/0201/br_dfanbsb_arx_0_0_0201_d0002de0003.pdf"
  },
  {
    "title": "BR DFANBSB ARX.0.0.201 - relatório sobre incidente com o navio rebocador caioba-seahorse, em 13 de setembro de 1980, elaborado pelo tenente-coronel aviador francisco josé hennemam filho, do centro de lançamento de foguetes da - Dossiê - 4",
    "link": "/br_dfanbsb_arx/0/0/0201/br_dfanbsb_arx_0_0_0201_d0003de0003.pdf"
  },
  {
    "title": "BR DFANBSB ARX.0.0.202 - carta encaminhando fotografias referentes a ocorrência de objetos voadores não identificados sobre o rio paraguai. - Dossiê",
    "link": "/br_dfanbsb_arx/0/0/0202/br_dfanbsb_arx_0_0_0202_d0001de0001.pdf"
  },
  {
    "title": "BR DFANBSB ARX.0.0.203 - o fiasco dos discos voadores. - Dossiê",
    "link": "/br_dfanbsb_arx/0/0/0203/br_dfanbsb_arx_0_0_0203_d0001de0001.pdf"
  },
  {
    "title": "BR DFANBSB ARX.0.0.204 - dados sobre ufos no brasil: correspondência sobre solicitação de lothar  stanglmeier. - Dossiê",
    "link": "/br_dfanbsb_arx/0/0/0204/br_dfanbsb_arx_0_0_0204_d0001de0001.pdf"
  },
  {
    "title": "BR DFANBSB ARX.0.0.205 - encaminhamento de relatório, de autoria do  major aviador josé orlando bellon sobre  a aparição de luzes não identificadas na área de goiânia. - Dossiê",
    "link": "/br_dfanbsb_arx/0/0/0205/br_dfanbsb_arx_0_0_0205_d0001de0001.pdf"
  }
]