[
  {
    "title": "BR DFANBSB ARX.0.0.206 - encaminhamento de relatório e declarações de tripulantes de aeronave fab  relativos a objeto voador não identificado avistado no dia 26 de agosto de 1980 em rota de retorno de santa maria para aeropor - Dossiê",
    "link": "/br_dfanbsb_arx/0/0/0206/br_dfanbsb_arx_0_0_0206_d0001de0001.pdf"
  },
  {
    "title": "BR DFANBSB ARX.0.0.207 - ocorrência de objeto voador não identificado nas proximidades de anápolis, estado de goiás, incluindo gravação de diálogo entre aeronaves e pessoal de terra. - Dossiê",
    "link": "/br_dfanbsb_arx/0/0/0207/br_dfanbsb_arx_0_0_0207_d0001de0001.pdf"
  },
  {
    "title": "BR DFANBSB ARX.0.0.208 - convite para participar de encontro ufológico a se realizar no município de casemiro de abreu, estado do rio de janeiro. - Dossiê",
    "link": "/br_dfanbsb_arx/0/0/0208/br_dfanbsb_arx_0_0_0208_d0001de0001.pdf"
  },
  {
    "title": "BR DFANBSB ARX.0.0.209 - encaminhamento para arquivamento, após ciência de autoridade,  de notícia publicada na última hora, do rio de janeiro, sobre ocorrência de objetos voadores não identificados, cujo avistamento foi acom - Dossiê",
    "link": "/br_dfanbsb_arx/0/0/0209/br_dfanbsb_arx_0_0_0209_d0001de0001.pdf"
  },
  {
    "title": "BR DFANBSB ARX.0.0.210 - carta sobre os obstáculos à pesquisa ufológica no mundo, a atitude equilibrada da força aérea brasileira em relação ao assunto, a promulgação do freedom information act  (lei de liberdade de informaçã - Dossiê",
    "link": "/br_dfanbsb_arx/0/0/0210/br_dfanbsb_arx_0_0_0210_d0001de0001.pdf"
  },
  {
    "title": "BR DFANBSB ARX.0.0.211 - informe sobre avistamento de objetos voadores não identificados na região de parintins. - Dossiê",
    "link": "/br_dfanbsb_arx/0/0/0211/br_dfanbsb_arx_0_0_0211_d0001de0001.pdf"
  },
  {
    "title": "BR DFANBSB ARX.0.0.212 - informe sobre queda de objeto voador não identificado em morrinhos, estado de goiás. - Dossiê",
    "link": "/br_dfanbsb_arx/0/0/0212/br_dfanbsb_arx_0_0_0212_d0001de0001.pdf"
  },
  {
    "title": "BR DFANBSB ARX.0.0.213 - nota sobre ocorrência de objeto voador não identificado perto da posição egola. - Dossiê",
    "link": "/br_dfanbsb_arx/0/0/0213/br_dfanbsb_arx_0_0_0213_d0001de0001.pdf"
  },
  {
    "title": "BR DFANBSB ARX.0.0.214 - informe sobre queda de objeto voador não identificado em morrinhos, estado de goiás, no qual se encontram anexadas carta do capitão aviador reformado luís orlando da cunha  e nova matéria publicada pe - Dossiê",
    "link": "/br_dfanbsb_arx/0/0/0214/br_dfanbsb_arx_0_0_0214_d0001de0001.pdf"
  },
  {
    "title": "BR DFANBSB ARX.0.0.215 - ocorrência de objeto voador não identificado na região de florianópolis, santa catarina. - Dossiê",
    "link": "/br_dfanbsb_arx/0/0/0215/br_dfanbsb_arx_0_0_0215_d0001de0001.pdf"
  },
  {
    "title": "BR DFANBSB ARX.0.0.216 - anotações sobre tráfego desconhecido captado por radar. - Dossiê",
    "link": "/br_dfanbsb_arx/0/0/0216/br_dfanbsb_arx_0_0_0216_d0001de0001.pdf"
  },
  {
    "title": "BR DFANBSB ARX.0.0.217 - ofício encaminhando transcrição de gravações referentes a aparição de luzes não identificadas na área do sisdacta, em rota sobre brasília, belo horizonte e rio de janeiro. - Dossiê",
    "link": "/br_dfanbsb_arx/0/0/0217/br_dfanbsb_arx_0_0_0217_d0001de0001.pdf"
  },
  {
    "title": "BR DFANBSB ARX.0.0.218 - registro de ocorrências de objeto voador não identificado entre abril e novembro de 1973. - Dossiê",
    "link": "/br_dfanbsb_arx/0/0/0218/br_dfanbsb_arx_0_0_0218_d0001de0001.pdf"
  },
  {
    "title": "BR DFANBSB ARX.0.0.219 - comunicado de observação de estranhos objetos voadores sobre presidente prudente, regente feijó, rancharia e marília,  no estado de são paulo. - Dossiê",
    "link": "/br_dfanbsb_arx/0/0/0219/br_dfanbsb_arx_0_0_0219_d0001de0001.pdf"
  },
  {
    "title": "BR DFANBSB ARX.0.0.220 - encaminhamento de relatório sobre objeto voador não identificado sobre aeródromo militar de anápolis, estado de goiás. - Dossiê",
    "link": "/br_dfanbsb_arx/0/0/0220/br_dfanbsb_arx_0_0_0220_d0001de0001.pdf"
  },
  {
    "title": "BR DFANBSB ARX.0.0.221 - informe acompanhado de relatório sobre avistamento de objeto voador não identificado sobre a base aérea de anápolis, estado de goiás. - Dossiê",
    "link": "/br_dfanbsb_arx/0/0/0221/br_dfanbsb_arx_0_0_0221_d0001de0001.pdf"
  },
  {
    "title": "BR DFANBSB ARX.0.0.222 - registro de detecção de objeto voador não identificado na região de anápolis, estado de goiás. - Dossiê",
    "link": "/br_dfanbsb_arx/0/0/0222/br_dfanbsb_arx_0_0_0222_d0001de0001.pdf"
  },
  {
    "title": "BR DFANBSB ARX.0.0.223 - encaminhamento de observação de objeto voador não identificado na região de uberlândia, minas gerais. - Dossiê",
    "link": "/br_dfanbsb_arx/0/0/0223/br_dfanbsb_arx_0_0_0223_d0001de0001.pdf"
  },
  {
    "title": "BR DFANBSB ARX.0.0.224 - encaminhamento de relatório de contatos por radar e observações de objeto voador não identificado no terminal de anápolis, estado de goiás, entre 28 de abril e 16 de maio de 1982 - Dossiê",
    "link": "/br_dfanbsb_arx/0/0/0224/br_dfanbsb_arx_0_0_0224_d0001de0001.pdf"
  },
  {
    "title": "BR DFANBSB ARX.0.0.224 - encaminhamento de relatório de contatos por radar e observações de objeto voador não identificado no terminal de anápolis, estado de goiás, entre 28 de abril e 16 de maio de 1982 - Dossiê - 2",
    "link": "/br_dfanbsb_arx/0/0/0224/br_dfanbsb_arx_0_0_0224_d0001de0003.pdf"
  },
  {
    "title": "BR DFANBSB ARX.0.0.224 - encaminhamento de relatório de contatos por radar e observações de objeto voador não identificado no terminal de anápolis, estado de goiás, entre 28 de abril e 16 de maio de 1982 - Dossiê - 3",
    "link": "/br_dfanbsb_arx/0/0/0224/br_dfanbsb_arx_0_0_0224_d0002de0003.pdf"
  },
  {
    "title": "BR DFANBSB ARX.0.0.224 - encaminhamento de relatório de contatos por radar e observações de objeto voador não identificado no terminal de anápolis, estado de goiás, entre 28 de abril e 16 de maio de 1982 - Dossiê - 4",
    "link": "/br_dfanbsb_arx/0/0/0224/br_dfanbsb_arx_0_0_0224_d0003de0003.pdf"
  },
  {
    "title": "BR DFANBSB ARX.0.0.225 - informe sobre queda de objeto metálico não identificado sobre telhado de residência em macaé, estado do rio de janeiro. - Dossiê",
    "link": "/br_dfanbsb_arx/0/0/0225/br_dfanbsb_arx_0_0_0225_d0001de0001.pdf"
  },
  {
    "title": "BR DFANBSB ARX.0.0.226 - registro de avistamento de objeto voador não identificado na região de brazlândia, distrito federal. - Dossiê",
    "link": "/br_dfanbsb_arx/0/0/0226/br_dfanbsb_arx_0_0_0226_d0001de0001.pdf"
  },
  {
    "title": "BR DFANBSB ARX.0.0.227 - informações de avistamentos de objetos voadores não identificados nas regiões de gurupi (goiás), são miguel do araguaia (goiás) e brazlândia (distrito federal). - Dossiê",
    "link": "/br_dfanbsb_arx/0/0/0227/br_dfanbsb_arx_0_0_0227_d0001de0001.pdf"
  },
  {
    "title": "BR DFANBSB ARX.0.0.228 - complementação de informações de ocorrência sobre fenômeno observado (provavelmente foguete russo reentrado na atmosfera). - Dossiê",
    "link": "/br_dfanbsb_arx/0/0/0228/br_dfanbsb_arx_0_0_0228_d0001de0001.pdf"
  },
  {
    "title": "BR DFANBSB ARX.0.0.229 - observação de objetos voadores não identificados ovni por aeronaves da varig e cruzeiro. - Dossiê",
    "link": "/br_dfanbsb_arx/0/0/0229/br_dfanbsb_arx_0_0_0229_d0001de0001.pdf"
  },
  {
    "title": "BR DFANBSB ARX.0.0.230 - relação de notícias sobre objetos voadores não identificados publicadas em jornais entre os anos de 1970 e 1983. - Dossiê",
    "link": "/br_dfanbsb_arx/0/0/0230/br_dfanbsb_arx_0_0_0230_d0001de0001.pdf"
  },
  {
    "title": "BR DFANBSB ARX.0.0.231 - ocorrência de objeto voador não identificado, próximo a porto das caixas. - Dossiê",
    "link": "/br_dfanbsb_arx/0/0/0231/br_dfanbsb_arx_0_0_0231_d0001de0001.pdf"
  },
  {
    "title": "BR DFANBSB ARX.0.0.232 - ocorrência sobre objeto voador não identificado. - Dossiê",
    "link": "/br_dfanbsb_arx/0/0/0232/br_dfanbsb_arx_0_0_0232_d0001de0001.pdf"
  },
  {
    "title": "BR DFANBSB ARX.0.0.233 - ocorrência de tráfego hotel no distrito federal. - Dossiê",
    "link": "/br_dfanbsb_arx/0/0/0233/br_dfanbsb_arx_0_0_0233_d0001de0001.pdf"
  },
  {
    "title": "BR DFANBSB ARX.0.0.234 - objetos voadores não identificados. - Dossiê",
    "link": "/br_dfanbsb_arx/0/0/0234/br_dfanbsb_arx_0_0_0234_d0001de0001.pdf"
  },
  {
    "title": "BR DFANBSB ARX.0.0.235 - cópias de documentos, sem assinaturas. - Dossiê",
    "link": "/br_dfanbsb_arx/0/0/0235/br_dfanbsb_arx_0_0_0235_d0001de0001.pdf"
  },
  {
    "title": "BR DFANBSB ARX.0.0.236 - tráfego hotel na região de goiânia. - Dossiê",
    "link": "/br_dfanbsb_arx/0/0/0236/br_dfanbsb_arx_0_0_0236_d0001de0001.pdf"
  },
  {
    "title": "BR DFANBSB ARX.0.0.237 - visualização de tráfego hotel por militar da fab. - Dossiê",
    "link": "/br_dfanbsb_arx/0/0/0237/br_dfanbsb_arx_0_0_0237_d0001de0001.pdf"
  },
  {
    "title": "BR DFANBSB ARX.0.0.238 - transcrição de gravação sobre avistamento de objeto voador não identificado entre anápolis e goiânia. - Dossiê",
    "link": "/br_dfanbsb_arx/0/0/0238/br_dfanbsb_arx_0_0_0238_d0001de0001.pdf"
  },
  {
    "title": "BR DFANBSB ARX.0.0.239 - ovni. - Dossiê",
    "link": "/br_dfanbsb_arx/0/0/0239/br_dfanbsb_arx_0_0_0239_d0001de0001.pdf"
  },
  {
    "title": "BR DFANBSB ARX.0.0.240 - informações sobre objetos voadores não identificados. - Dossiê",
    "link": "/br_dfanbsb_arx/0/0/0240/br_dfanbsb_arx_0_0_0240_d0001de0001.pdf"
  },
  {
    "title": "BR DFANBSB ARX.0.0.241 - ovni. - Dossiê",
    "link": "/br_dfanbsb_arx/0/0/0241/br_dfanbsb_arx_0_0_0241_d0001de0001.pdf"
  },
  {
    "title": "BR DFANBSB ARX.0.0.242 - operação realizada pelo sni e aeronáutica por ocasião da realização do 1° seminário da adesg  na cidade de rio branco, acre, que teria resultado em contatos paranormais com objetos voadores não identi - Dossiê",
    "link": "/br_dfanbsb_arx/0/0/0242/br_dfanbsb_arx_0_0_0242_d0001de0001.pdf"
  },
  {
    "title": "BR DFANBSB ARX.0.0.243 - ufologia. - Dossiê",
    "link": "/br_dfanbsb_arx/0/0/0243/br_dfanbsb_arx_0_0_0243_d0001de0001.pdf"
  },
  {
    "title": "BR DFANBSB ARX.0.0.243 - ufologia. - Dossiê - 2",
    "link": "/br_dfanbsb_arx/0/0/0243/br_dfanbsb_arx_0_0_0243_d0001de0003.pdf"
  },
  {
    "title": "BR DFANBSB ARX.0.0.243 - ufologia. - Dossiê - 3",
    "link": "/br_dfanbsb_arx/0/0/0243/br_dfanbsb_arx_0_0_0243_d0002de0003.pdf"
  },
  {
    "title": "BR DFANBSB ARX.0.0.243 - ufologia. - Dossiê - 4",
    "link": "/br_dfanbsb_arx/0/0/0243/br_dfanbsb_arx_0_0_0243_d0003de0003.pdf"
  },
  {
    "title": "BR DFANBSB ARX.0.0.244 - ufologia. - Dossiê",
    "link": "/br_dfanbsb_arx/0/0/0244/br_dfanbsb_arx_0_0_0244_d0001de0001.pdf"
  },
  {
    "title": "BR DFANBSB ARX.0.0.244 - ufologia. - Dossiê - 2",
    "link": "/br_dfanbsb_arx/0/0/0244/br_dfanbsb_arx_0_0_0244_d0001de0002.pdf"
  },
  {
    "title": "BR DFANBSB ARX.0.0.244 - ufologia. - Dossiê - 3",
    "link": "/br_dfanbsb_arx/0/0/0244/br_dfanbsb_arx_0_0_0244_d0002de0002.pdf"
  },
  {
    "title": "BR DFANBSB ARX.0.0.245 - notícias sobre ovni. - Dossiê",
    "link": "/br_dfanbsb_arx/0/0/0245/br_dfanbsb_arx_0_0_0245_d0001de0001.pdf"
  },
  {
    "title": "BR DFANBSB ARX.0.0.246 - objetos voadores não identificados. - Dossiê",
    "link": "/br_dfanbsb_arx/0/0/0246/br_dfanbsb_arx_0_0_0246_d0001de0001.pdf"
  },
  {
    "title": "BR DFANBSB ARX.0.0.247 - transcrição de ocorrências de avistamento de objetos voadores não identificados em diversas regiões e localidades, por embarcações e aeronaves no decorrer de agosto de 1986. - Dossiê",
    "link": "/br_dfanbsb_arx/0/0/0247/br_dfanbsb_arx_0_0_0247_d0001de0001.pdf"
  }
]