[
  {
    "title": "BR DFANBSB ARX.0.0.248 - relato de ocorrência com objeto voador não identificado (ovni) entre rio de janeiro e são paulo. - Dossiê",
    "link": "/br_dfanbsb_arx/0/0/0248/br_dfanbsb_arx_0_0_0248_d0001de0001.pdf"
  },
  {
    "title": "BR DFANBSB ARX.0.0.249 - relatório de ocorrência. - Dossiê",
    "link": "/br_dfanbsb_arx/0/0/0249/br_dfanbsb_arx_0_0_0249_d0001de0001.pdf"
  },
  {
    "title": "BR DFANBSB ARX.0.0.250 - observação de objetos voadores não identificados (ovni) em belo horizonte, estado de minas gerais. - Dossiê",
    "link": "/br_dfanbsb_arx/0/0/0250/br_dfanbsb_arx_0_0_0250_d0001de0001.pdf"
  },
  {
    "title": "BR DFANBSB ARX.0.0.251 - observação de objetos voadores não identificados (ovni) em uberaba, estado de minas gerais. - Dossiê",
    "link": "/br_dfanbsb_arx/0/0/0251/br_dfanbsb_arx_0_0_0251_d0001de0001.pdf"
  },
  {
    "title": "BR DFANBSB ARX.0.0.252 - ocorrências de objetos voadores não identificados no distrito federal, rio de janeiro, niteroi, santos e ribeirão preto. - Dossiê",
    "link": "/br_dfanbsb_arx/0/0/0252/br_dfanbsb_arx_0_0_0252_d0001de0001.pdf"
  },
  {
    "title": "BR DFANBSB ARX.0.0.253 - ocorrências de tráfego hotel nas regiões de anápolis e são josé dos campos. - Dossiê",
    "link": "/br_dfanbsb_arx/0/0/0253/br_dfanbsb_arx_0_0_0253_d0001de0001.pdf"
  },
  {
    "title": "BR DFANBSB ARX.0.0.254 - relato de fato ocorrido no dia 19 de maio de 1986 (observação de objeto). - Dossiê",
    "link": "/br_dfanbsb_arx/0/0/0254/br_dfanbsb_arx_0_0_0254_d0001de0001.pdf"
  },
  {
    "title": "BR DFANBSB ARX.0.0.255 - relato de fato ocorrido no dia 19 de maio de 1986. - Dossiê",
    "link": "/br_dfanbsb_arx/0/0/0255/br_dfanbsb_arx_0_0_0255_d0001de0001.pdf"
  },
  {
    "title": "BR DFANBSB ARX.0.0.256 - acionamento de alerta. - Dossiê",
    "link": "/br_dfanbsb_arx/0/0/0256/br_dfanbsb_arx_0_0_0256_d0001de0001.pdf"
  },
  {
    "title": "BR DFANBSB ARX.0.0.257 - ovnis - matérias de jornal - Dossiê",
    "link": "/br_dfanbsb_arx/0/0/0257/br_dfanbsb_arx_0_0_0257_d0001de0001.pdf"
  },
  {
    "title": "BR DFANBSB ARX.0.0.257 - ovnis - matérias de jornal - Dossiê - 2",
    "link": "/br_dfanbsb_arx/0/0/0257/br_dfanbsb_arx_0_0_0257_d0001de0003.pdf"
  },
  {
    "title": "BR DFANBSB ARX.0.0.257 - ovnis - matérias de jornal - Dossiê - 3",
    "link": "/br_dfanbsb_arx/0/0/0257/br_dfanbsb_arx_0_0_0257_d0002de0003.pdf"
  },
  {
    "title": "BR DFANBSB ARX.0.0.257 - ovnis - matérias de jornal - Dossiê - 4",
    "link": "/br_dfanbsb_arx/0/0/0257/br_dfanbsb_arx_0_0_0257_d0003de0003.pdf"
  },
  {
    "title": "BR DFANBSB ARX.0.0.258 - ovni - recorte de jornal - Dossiê",
    "link": "/br_dfanbsb_arx/0/0/0258/br_dfanbsb_arx_0_0_0258_d0001de0001.pdf"
  },
  {
    "title": "BR DFANBSB ARX.0.0.258 - ovni - recorte de jornal - Dossiê - 2",
    "link": "/br_dfanbsb_arx/0/0/0258/br_dfanbsb_arx_0_0_0258_d0001de0002.pdf"
  },
  {
    "title": "BR DFANBSB ARX.0.0.258 - ovni - recorte de jornal - Dossiê - 3",
    "link": "/br_dfanbsb_arx/0/0/0258/br_dfanbsb_arx_0_0_0258_d0002de0002.pdf"
  },
  {
    "title": "BR DFANBSB ARX.0.0.259 - ufologia. - Dossiê",
    "link": "/br_dfanbsb_arx/0/0/0259/br_dfanbsb_arx_0_0_0259_d0001de0001.pdf"
  },
  {
    "title": "BR DFANBSB ARX.0.0.259 - ufologia. - Dossiê - 2",
    "link": "/br_dfanbsb_arx/0/0/0259/br_dfanbsb_arx_0_0_0259_d0001de0002.pdf"
  },
  {
    "title": "BR DFANBSB ARX.0.0.259 - ufologia. - Dossiê - 3",
    "link": "/br_dfanbsb_arx/0/0/0259/br_dfanbsb_arx_0_0_0259_d0002de0002.pdf"
  },
  {
    "title": "BR DFANBSB ARX.0.0.260 - ocorrência relativa a objeto visualizado. - Dossiê",
    "link": "/br_dfanbsb_arx/0/0/0260/br_dfanbsb_arx_0_0_0260_d0001de0001.pdf"
  },
  {
    "title": "BR DFANBSB ARX.0.0.261 - avistamentos de objeto voador não identificado por navios, em rota no sentido ao rio de janeiro. - Dossiê",
    "link": "/br_dfanbsb_arx/0/0/0261/br_dfanbsb_arx_0_0_0261_d0001de0001.pdf"
  },
  {
    "title": "BR DFANBSB ARX.0.0.262 - possível aparecimento de ovni  em sbsj e sban. - Dossiê",
    "link": "/br_dfanbsb_arx/0/0/0262/br_dfanbsb_arx_0_0_0262_d0001de0001.pdf"
  },
  {
    "title": "BR DFANBSB ARX.0.0.263 - observação de pontos luminosos. - Dossiê",
    "link": "/br_dfanbsb_arx/0/0/0263/br_dfanbsb_arx_0_0_0263_d0001de0001.pdf"
  },
  {
    "title": "BR DFANBSB ARX.0.0.263 - observação de pontos luminosos. - Dossiê - 2",
    "link": "/br_dfanbsb_arx/0/0/0263/br_dfanbsb_arx_0_0_0263_d0001de0002.pdf"
  },
  {
    "title": "BR DFANBSB ARX.0.0.263 - observação de pontos luminosos. - Dossiê - 3",
    "link": "/br_dfanbsb_arx/0/0/0263/br_dfanbsb_arx_0_0_0263_d0002de0002.pdf"
  },
  {
    "title": "BR DFANBSB ARX.0.0.264 - relato sobre observação de ovni. - Dossiê",
    "link": "/br_dfanbsb_arx/0/0/0264/br_dfanbsb_arx_0_0_0264_d0001de0001.pdf"
  },
  {
    "title": "BR DFANBSB ARX.0.0.265 - 1º congresso internacional de ufologia. - Dossiê",
    "link": "/br_dfanbsb_arx/0/0/0265/br_dfanbsb_arx_0_0_0265_d0001de0001.pdf"
  },
  {
    "title": "BR DFANBSB ARX.0.0.266 - ovni: avistamento de objeto voador não identificado entre salvador e brasília. - Dossiê",
    "link": "/br_dfanbsb_arx/0/0/0266/br_dfanbsb_arx_0_0_0266_d0001de0001.pdf"
  },
  {
    "title": "BR DFANBSB ARX.0.0.267 - determinações e providências para exercício pelo nucomdabra de sua competência no trato do assunto ovni (objeto voador não identificado). - Dossiê",
    "link": "/br_dfanbsb_arx/0/0/0267/br_dfanbsb_arx_0_0_0267_d0001de0001.pdf"
  },
  {
    "title": "BR DFANBSB ARX.0.0.268 - boletim secreto externo referente ao funcionamento do registro sobre objetos voadores não identificados, criado em 1978, considerada a competência do nucomdabra para trato deste assunto. - Dossiê",
    "link": "/br_dfanbsb_arx/0/0/0268/br_dfanbsb_arx_0_0_0268_d0001de0001.pdf"
  },
  {
    "title": "BR DFANBSB ARX.0.0.269 - registro de avistamento de objeto voador não identificado no distrito federal. - Dossiê",
    "link": "/br_dfanbsb_arx/0/0/0269/br_dfanbsb_arx_0_0_0269_d0001de0001.pdf"
  },
  {
    "title": "BR DFANBSB ARX.0.0.270 - ovni: ocorrências de avistamento de objetos voadores não identificados, um deles sobre salvador, estado da bahia. - Dossiê",
    "link": "/br_dfanbsb_arx/0/0/0270/br_dfanbsb_arx_0_0_0270_d0001de0001.pdf"
  },
  {
    "title": "BR DFANBSB ARX.0.0.271 - carimbos exclusivos do setor de inteligência estampados em revista ostensiva. - Dossiê",
    "link": "/br_dfanbsb_arx/0/0/0271/br_dfanbsb_arx_0_0_0271_d0001de0001.pdf"
  },
  {
    "title": "BR DFANBSB ARX.0.0.272 - avistamento de objeto voador não identificado na região de recife, pernambuco. - Dossiê",
    "link": "/br_dfanbsb_arx/0/0/0272/br_dfanbsb_arx_0_0_0272_d0001de0001.pdf"
  },
  {
    "title": "BR DFANBSB ARX.0.0.273 - informações sobre avistamento de objeto voador não identificado em região próxima a americana, estado de são paulo. - Dossiê",
    "link": "/br_dfanbsb_arx/0/0/0273/br_dfanbsb_arx_0_0_0273_d0001de0001.pdf"
  },
  {
    "title": "BR DFANBSB ARX.0.0.274 - avistamentos de objetos voadores não identificados na região de porto alegre, curitiba e ribeirão preto. - Dossiê",
    "link": "/br_dfanbsb_arx/0/0/0274/br_dfanbsb_arx_0_0_0274_d0001de0001.pdf"
  },
  {
    "title": "BR DFANBSB ARX.0.0.275 - correspondência sobre oferta de informações de interesse do nucomdabra relativas a objetos voadores não identificados. - Dossiê",
    "link": "/br_dfanbsb_arx/0/0/0275/br_dfanbsb_arx_0_0_0275_d0001de0001.pdf"
  },
  {
    "title": "BR DFANBSB ARX.0.0.276 - aparição de ovni: avistamento de objeto voador não identificado na região de juçara, estado de goiás. - Dossiê",
    "link": "/br_dfanbsb_arx/0/0/0276/br_dfanbsb_arx_0_0_0276_d0001de0001.pdf"
  },
  {
    "title": "BR DFANBSB ARX.0.0.277 - avistamento de objeto voador não identificado na região de guará, distrito federal. - Dossiê",
    "link": "/br_dfanbsb_arx/0/0/0277/br_dfanbsb_arx_0_0_0277_d0001de0001.pdf"
  },
  {
    "title": "BR DFANBSB ARX.0.0.278 - informação sobre queda de objeto voador não identificado ocorrida em setembro de 1995 em itajubá, minas gerais. - Dossiê",
    "link": "/br_dfanbsb_arx/0/0/0278/br_dfanbsb_arx_0_0_0278_d0001de0001.pdf"
  },
  {
    "title": "BR DFANBSB ARX.0.0.279 - procedimentos dos órgãos de controle com relação a ovni: diretriz específica 04/89. - Dossiê",
    "link": "/br_dfanbsb_arx/0/0/0279/br_dfanbsb_arx_0_0_0279_d0001de0001.pdf"
  },
  {
    "title": "BR DFANBSB ARX.0.0.280 - os documentos oficiais da força aérea brasileira: coletânea de boletins, memorandos e documentos que demonstram a atuação secreta da aeronáutica brasileira na questão ufológica. coleção biblioteca ufo - Dossiê",
    "link": "/br_dfanbsb_arx/0/0/0280/br_dfanbsb_arx_0_0_0280_d0001de0001.pdf"
  },
  {
    "title": "BR DFANBSB ARX.0.0.280 - os documentos oficiais da força aérea brasileira: coletânea de boletins, memorandos e documentos que demonstram a atuação secreta da aeronáutica brasileira na questão ufológica. coleção biblioteca ufo - Dossiê - 2",
    "link": "/br_dfanbsb_arx/0/0/0280/br_dfanbsb_arx_0_0_0280_d0001de0003.pdf"
  },
  {
    "title": "BR DFANBSB ARX.0.0.280 - os documentos oficiais da força aérea brasileira: coletânea de boletins, memorandos e documentos que demonstram a atuação secreta da aeronáutica brasileira na questão ufológica. coleção biblioteca ufo - Dossiê - 3",
    "link": "/br_dfanbsb_arx/0/0/0280/br_dfanbsb_arx_0_0_0280_d0002de0003.pdf"
  },
  {
    "title": "BR DFANBSB ARX.0.0.280 - os documentos oficiais da força aérea brasileira: coletânea de boletins, memorandos e documentos que demonstram a atuação secreta da aeronáutica brasileira na questão ufológica. coleção biblioteca ufo - Dossiê - 4",
    "link": "/br_dfanbsb_arx/0/0/0280/br_dfanbsb_arx_0_0_0280_d0003de0003.pdf"
  },
  {
    "title": "BR DFANBSB ARX.0.0.281 - carta dispondo-se a atender a solicitação feita pelo ofício comdabra, de 26 de dezembro de 1989, acerca de objetos voadores não identificados porventura avistados pelas aeronaves da empresa. \n - Dossiê",
    "link": "/br_dfanbsb_arx/0/0/0281/br_dfanbsb_arx_0_0_0281_d0001de0001.pdf"
  },
  {
    "title": "BR DFANBSB ARX.0.0.282 - questionário sobre ocorrência de objeto voador não identificado entre pará de minas e brasília.\n\n - Dossiê",
    "link": "/br_dfanbsb_arx/0/0/0282/br_dfanbsb_arx_0_0_0282_d0001de0001.pdf"
  },
  {
    "title": "BR DFANBSB ARX.0.0.283 - questionário sobre ocorrência de objeto voador não identificado na região de brasília.\n - Dossiê",
    "link": "/br_dfanbsb_arx/0/0/0283/br_dfanbsb_arx_0_0_0283_d0001de0001.pdf"
  },
  {
    "title": "BR DFANBSB ARX.0.0.284 - questionário sobre ocorrência de objeto voador não identificado na região de brasília. - Dossiê",
    "link": "/br_dfanbsb_arx/0/0/0284/br_dfanbsb_arx_0_0_0284_d0001de0001.pdf"
  },
  {
    "title": "BR DFANBSB ARX.0.0.285 - questionário sobre ocorrência de objeto voador não identificado próximo à praia de juvevê, curitiba, paraná.\n - Dossiê",
    "link": "/br_dfanbsb_arx/0/0/0285/br_dfanbsb_arx_0_0_0285_d0001de0001.pdf"
  }
]