[
  {
    "title": "BR DFANBSB ARX.0.0.286 - ofício n. 071/do/390 encaminhando registro referente a avistamento de objeto voador não identificado na região de vilhena, rondônia, por proprietário de supermercado local.\n\n\n - Dossiê",
    "link": "/br_dfanbsb_arx/0/0/0286/br_dfanbsb_arx_0_0_0286_d0001de0001.pdf"
  },
  {
    "title": "BR DFANBSB ARX.0.0.287 - questionário sobre ocorrência de objeto voador não identificado na região de curitiba, paraná.\n\n - Dossiê",
    "link": "/br_dfanbsb_arx/0/0/0287/br_dfanbsb_arx_0_0_0287_d0001de0001.pdf"
  },
  {
    "title": "BR DFANBSB ARX.0.0.288 - questionário sobre ocorrência de objeto voador não identificado na região de campinas, estado de são paulo.\n - Dossiê",
    "link": "/br_dfanbsb_arx/0/0/0288/br_dfanbsb_arx_0_0_0288_d0001de0001.pdf"
  },
  {
    "title": "BR DFANBSB ARX.0.0.289 - questionário sobre ocorrência de objeto voador não identificado entre luna e piraí, estado do rio de janeiro.\n - Dossiê",
    "link": "/br_dfanbsb_arx/0/0/0289/br_dfanbsb_arx_0_0_0289_d0001de0001.pdf"
  },
  {
    "title": "BR DFANBSB ARX.0.0.290 - correspondência em atenção a pleito de cláudio tshyoshi suenaga de posicionamento do estado-maior da aeronáutica acerca da ocorrência de objetos voadores não identificados. - Dossiê",
    "link": "/br_dfanbsb_arx/0/0/0290/br_dfanbsb_arx_0_0_0290_d0001de0001.pdf"
  },
  {
    "title": "BR DFANBSB ARX.0.0.291 - questionário sobre ocorrência de objeto voador não identificado na região de porto nacional, tocantins.\n - Dossiê",
    "link": "/br_dfanbsb_arx/0/0/0291/br_dfanbsb_arx_0_0_0291_d0001de0001.pdf"
  },
  {
    "title": "BR DFANBSB ARX.0.0.292 - questionário sobre ocorrência de objeto voador não identificado, na região de taguatinga sul, na altura da universidade católica, no distrito federal.\n - Dossiê",
    "link": "/br_dfanbsb_arx/0/0/0292/br_dfanbsb_arx_0_0_0292_d0001de0001.pdf"
  },
  {
    "title": "BR DFANBSB ARX.0.0.293 - correspondência sobre envio de material referente a objetos voadores não identificados, conforme solicitação do núcleo de comando de defesa aeroespacial brasileiro. - Dossiê",
    "link": "/br_dfanbsb_arx/0/0/0293/br_dfanbsb_arx_0_0_0293_d0001de0001.pdf"
  },
  {
    "title": "BR DFANBSB ARX.0.0.294 - questionário sobre ocorrência de objeto voador não identificado em goiânia, goiás.\n - Dossiê",
    "link": "/br_dfanbsb_arx/0/0/0294/br_dfanbsb_arx_0_0_0294_d0001de0001.pdf"
  },
  {
    "title": "BR DFANBSB ARX.0.0.295 - carta encaminhando pleito de cláudio tsuyoshi suenaga para acesso a documentos relacionados a ocorrências de objetos voadores não identificados, tendo em vista atender a demanda dos ufólogos civis por - Dossiê",
    "link": "/br_dfanbsb_arx/0/0/0295/br_dfanbsb_arx_0_0_0295_d0001de0001.pdf"
  },
  {
    "title": "BR DFANBSB ARX.0.0.296 - carta insistindo no pleito dos ufólogos civis para acesso a documentos referentes a ocorrências de objetos voadores não identificados.\n - Dossiê",
    "link": "/br_dfanbsb_arx/0/0/0296/br_dfanbsb_arx_0_0_0296_d0001de0001.pdf"
  },
  {
    "title": "BR DFANBSB ARX.0.0.297 - carta agradecendo informações, originalmente endereçadas ao ministro da aeronáutica,   sobre ocorrência de objetos voadores não identificados na região de curitiba em 5 de outubro de 1990.\n - Dossiê",
    "link": "/br_dfanbsb_arx/0/0/0297/br_dfanbsb_arx_0_0_0297_d0001de0001.pdf"
  },
  {
    "title": "BR DFANBSB ARX.0.0.298 - questionário sobre ocorrência de objeto voador não identificado, na região de mojiguaçu, estado de são paulo. - Dossiê",
    "link": "/br_dfanbsb_arx/0/0/0298/br_dfanbsb_arx_0_0_0298_d0001de0001.pdf"
  },
  {
    "title": "BR DFANBSB ARX.0.0.299 - questionário sobre ocorrência de objeto voador não identificado em brasília, distrito federal.\n - Dossiê",
    "link": "/br_dfanbsb_arx/0/0/0299/br_dfanbsb_arx_0_0_0299_d0001de0001.pdf"
  },
  {
    "title": "BR DFANBSB ARX.0.0.300 - correspondência sobre possível ocorrência de objeto voador não identificado em são paulo no dia 28 de julho de 1990.\n\n\n\n\n\n - Dossiê",
    "link": "/br_dfanbsb_arx/0/0/0300/br_dfanbsb_arx_0_0_0300_d0001de0001.pdf"
  },
  {
    "title": "BR DFANBSB ARX.0.0.301 - questionário sobre ocorrência de objeto voador não identificado na região de osasco, estado de são paulo.\n\n - Dossiê",
    "link": "/br_dfanbsb_arx/0/0/0301/br_dfanbsb_arx_0_0_0301_d0001de0001.pdf"
  },
  {
    "title": "BR DFANBSB ARX.0.0.302 - correspondência sobre possível ocorrência de objeto voador não identificado em 4 de fevereiro de 1982, em mogi das cruzes, estado de são paulo.\n - Dossiê",
    "link": "/br_dfanbsb_arx/0/0/0302/br_dfanbsb_arx_0_0_0302_d0001de0001.pdf"
  },
  {
    "title": "BR DFANBSB ARX.0.0.303 - questionário sobre ocorrência de objeto voador não identificado em brasília, distrito federal.\n - Dossiê",
    "link": "/br_dfanbsb_arx/0/0/0303/br_dfanbsb_arx_0_0_0303_d0001de0001.pdf"
  },
  {
    "title": "BR DFANBSB ARX.0.0.304 - matérias publicadas no correio braziliense sobre ocorrências de objetos voadores não identificados em brasília: et's voltam a sobrevoar brasília; ovni é detectado por radar do cindacta; caças da fab j - Dossiê",
    "link": "/br_dfanbsb_arx/0/0/0304/br_dfanbsb_arx_0_0_0304_d0001de0001.pdf"
  },
  {
    "title": "BR DFANBSB ARX.0.0.305 - questionário sobre ocorrência de objeto voador não identificado na região da papuda, brasília, distrito federal.\n - Dossiê",
    "link": "/br_dfanbsb_arx/0/0/0305/br_dfanbsb_arx_0_0_0305_d0001de0001.pdf"
  },
  {
    "title": "BR DFANBSB ARX.0.0.306 - questionário sobre ocorrência de objeto voador não identificado na região de brasília, distrito federal.\n - Dossiê",
    "link": "/br_dfanbsb_arx/0/0/0306/br_dfanbsb_arx_0_0_0306_d0001de0001.pdf"
  },
  {
    "title": "BR DFANBSB ARX.0.0.307 - questionário sobre ocorrência de objeto voador não identificado na região de brasília, distrito federal.\n - Dossiê",
    "link": "/br_dfanbsb_arx/0/0/0307/br_dfanbsb_arx_0_0_0307_d0001de0001.pdf"
  },
  {
    "title": "BR DFANBSB ARX.0.0.308 - parte n. 029/coda: transcrição de relatório sobre observação de ocorrência de objeto voador não identificado sobre brasília, distrito federal, entre os dias 17 e 18 de abril do ano em curso. - Dossiê",
    "link": "/br_dfanbsb_arx/0/0/0308/br_dfanbsb_arx_0_0_0308_d0001de0001.pdf"
  },
  {
    "title": "BR DFANBSB ARX.0.0.309 - questionário sobre ocorrência de objeto voador não identificado. em brasília, distrito federal.\n - Dossiê",
    "link": "/br_dfanbsb_arx/0/0/0309/br_dfanbsb_arx_0_0_0309_d0001de0001.pdf"
  },
  {
    "title": "BR DFANBSB ARX.0.0.310 - questionário sobre ocorrência de objeto voador não identificado na região de curitiba, estado do paraná.\n - Dossiê",
    "link": "/br_dfanbsb_arx/0/0/0310/br_dfanbsb_arx_0_0_0310_d0001de0001.pdf"
  },
  {
    "title": "BR DFANBSB ARX.0.0.311 - questionário sobre ocorrência de objeto voador não identificado em brasília, no distrito federal.\n - Dossiê",
    "link": "/br_dfanbsb_arx/0/0/0311/br_dfanbsb_arx_0_0_0311_d0001de0001.pdf"
  },
  {
    "title": "BR DFANBSB ARX.0.0.312 - correspondência sobre dados disponíveis referentes a ocorrência na região da papuda, brasília,  em 11 de abril. - Dossiê",
    "link": "/br_dfanbsb_arx/0/0/0312/br_dfanbsb_arx_0_0_0312_d0001de0001.pdf"
  },
  {
    "title": "BR DFANBSB ARX.0.0.312 - correspondência sobre dados disponíveis referentes a ocorrência na região da papuda, brasília,  em 11 de abril. - Dossiê - 2",
    "link": "/br_dfanbsb_arx/0/0/0312/br_dfanbsb_arx_0_0_0312_d0001de0002.pdf"
  },
  {
    "title": "BR DFANBSB ARX.0.0.312 - correspondência sobre dados disponíveis referentes a ocorrência na região da papuda, brasília,  em 11 de abril. - Dossiê - 3",
    "link": "/br_dfanbsb_arx/0/0/0312/br_dfanbsb_arx_0_0_0312_d0002de0002.pdf"
  },
  {
    "title": "BR DFANBSB ARX.0.0.313 - ofício nefp.geu/003/91 solicitando informações sobre emissões de balões metereológicos entre 5 e 20 de abril, a próposito de estudo sobre incidente na região da papuda noticiado na imprensa. - Dossiê",
    "link": "/br_dfanbsb_arx/0/0/0313/br_dfanbsb_arx_0_0_0313_d0001de0001.pdf"
  },
  {
    "title": "BR DFANBSB ARX.0.0.314 - questionário sobre ocorrência de objeto voador não identificado na região de são paulo (?).\n - Dossiê",
    "link": "/br_dfanbsb_arx/0/0/0314/br_dfanbsb_arx_0_0_0314_d0001de0001.pdf"
  },
  {
    "title": "BR DFANBSB ARX.0.0.315 - oficio n. 01/do-1/c/-10 encaminhando transcrição de comunicações sobre ocorrência de objeto voador não identificado na região de belém em 6 de maio de 1991.\n - Dossiê",
    "link": "/br_dfanbsb_arx/0/0/0315/br_dfanbsb_arx_0_0_0315_d0001de0001.pdf"
  },
  {
    "title": "BR DFANBSB ARX.0.0.316 - questionário sobre ocorrência de objeto voador não identificado no bairro de ipanema, rio de janeiro.\n - Dossiê",
    "link": "/br_dfanbsb_arx/0/0/0316/br_dfanbsb_arx_0_0_0316_d0001de0001.pdf"
  },
  {
    "title": "BR DFANBSB ARX.0.0.317 - questionário sobre ocorrência de objeto voador não identificado, na região de taguatinga, distrito federal.\n - Dossiê",
    "link": "/br_dfanbsb_arx/0/0/0317/br_dfanbsb_arx_0_0_0317_d0001de0001.pdf"
  },
  {
    "title": "BR DFANBSB ARX.0.0.318 - 1° despacho n. 003/do/1054: resposta a solicitação do grupo de estudos ufológicos da universidade de brasília (unb) efetuada por ofício de 26 de abril, com informações técnicas e operacionais sobre em - Dossiê",
    "link": "/br_dfanbsb_arx/0/0/0318/br_dfanbsb_arx_0_0_0318_d0001de0001.pdf"
  },
  {
    "title": "BR DFANBSB ARX.0.0.319 - questionário sobre ocorrência de objeto voador não identificado, na região de maricá, estado do rio de janeiro.\n - Dossiê",
    "link": "/br_dfanbsb_arx/0/0/0319/br_dfanbsb_arx_0_0_0319_d0001de0001.pdf"
  },
  {
    "title": "BR DFANBSB ARX.0.0.320 - ofício n. 020/cmdo/020 (brasília): informações técnicas e operacionais sobre balões meteorológicos. - Dossiê",
    "link": "/br_dfanbsb_arx/0/0/0320/br_dfanbsb_arx_0_0_0320_d0001de0001.pdf"
  },
  {
    "title": "BR DFANBSB ARX.0.0.321 - questionário sobre ocorrência de objeto voador não identificado na região de araçatuba, estado de são paulo.\n - Dossiê",
    "link": "/br_dfanbsb_arx/0/0/0321/br_dfanbsb_arx_0_0_0321_d0001de0001.pdf"
  },
  {
    "title": "BR DFANBSB ARX.0.0.322 - informação n. 075/91/si/icomar a propósito de publicação na revista ufo-documento n. 2, de agosto/setembro de 1991, de relatório sigiloso do primeiro-sargento flávio de freitas costa, de novembro de 1 - Dossiê",
    "link": "/br_dfanbsb_arx/0/0/0322/br_dfanbsb_arx_0_0_0322_d0001de0001.pdf"
  },
  {
    "title": "BR DFANBSB ARX.0.0.322 - informação n. 075/91/si/icomar a propósito de publicação na revista ufo-documento n. 2, de agosto/setembro de 1991, de relatório sigiloso do primeiro-sargento flávio de freitas costa, de novembro de 1 - Dossiê - 2",
    "link": "/br_dfanbsb_arx/0/0/0322/br_dfanbsb_arx_0_0_0322_d0001de0002.pdf"
  },
  {
    "title": "BR DFANBSB ARX.0.0.322 - informação n. 075/91/si/icomar a propósito de publicação na revista ufo-documento n. 2, de agosto/setembro de 1991, de relatório sigiloso do primeiro-sargento flávio de freitas costa, de novembro de 1 - Dossiê - 3",
    "link": "/br_dfanbsb_arx/0/0/0322/br_dfanbsb_arx_0_0_0322_d0002de0002.pdf"
  },
  {
    "title": "BR DFANBSB ARX.0.0.323 - questionário sobre ocorrência de objeto voador não identificado na região do rio de janeiro.\n - Dossiê",
    "link": "/br_dfanbsb_arx/0/0/0323/br_dfanbsb_arx_0_0_0323_d0001de0001.pdf"
  },
  {
    "title": "BR DFANBSB ARX.0.0.324 - questionário sobre ocorrência de objeto voador não identificado no bairro de moema, cidade de são paulo.\n - Dossiê",
    "link": "/br_dfanbsb_arx/0/0/0324/br_dfanbsb_arx_0_0_0324_d0001de0001.pdf"
  },
  {
    "title": "BR DFANBSB ARX.0.0.325 - questionário sobre ocorrência de objeto voador não identificado, na região de pilarzinho, vila nori, em curitiba, estado do paraná.\n - Dossiê",
    "link": "/br_dfanbsb_arx/0/0/0325/br_dfanbsb_arx_0_0_0325_d0001de0001.pdf"
  },
  {
    "title": "BR DFANBSB ARX.0.0.326 - questionário sobre ocorrência de objeto voador não identificado na região de curitiba, estado do paraná.\n - Dossiê",
    "link": "/br_dfanbsb_arx/0/0/0326/br_dfanbsb_arx_0_0_0326_d0001de0001.pdf"
  },
  {
    "title": "BR DFANBSB ARX.0.0.327 - questionário sobre ocorrência de objeto voador não identificado (região não identificada).\n - Dossiê",
    "link": "/br_dfanbsb_arx/0/0/0327/br_dfanbsb_arx_0_0_0327_d0001de0001.pdf"
  },
  {
    "title": "BR DFANBSB ARX.0.0.328 - carta solicitando permissão para visita às instalações do núcleo do comando de defesa aeeroespacial brasileiro (nucomdabra) e troca de ideias sobre objetos voadores não identificados.\n - Dossiê",
    "link": "/br_dfanbsb_arx/0/0/0328/br_dfanbsb_arx_0_0_0328_d0001de0001.pdf"
  },
  {
    "title": "BR DFANBSB ARX.0.0.329 - questionário sobre ocorrência de objeto voador não identificado na área de campo comprido, curitiba, estado do paraná.\n - Dossiê",
    "link": "/br_dfanbsb_arx/0/0/0329/br_dfanbsb_arx_0_0_0329_d0001de0001.pdf"
  },
  {
    "title": "BR DFANBSB ARX.0.0.330 - questionário sobre ocorrência de objeto voador não identificado na região de taguatinga, distrito federal.\n - Dossiê",
    "link": "/br_dfanbsb_arx/0/0/0330/br_dfanbsb_arx_0_0_0330_d0001de0001.pdf"
  },
  {
    "title": "BR DFANBSB ARX.0.0.331 - questionário sobre ocorrência de objeto voador não identificado na região de samambaia, distrito federal.\n - Dossiê",
    "link": "/br_dfanbsb_arx/0/0/0331/br_dfanbsb_arx_0_0_0331_d0001de0001.pdf"
  }
]