[
  {
    "title": "BR DFANBSB ARX.0.0.332 - questionário sobre ocorrência de objeto voador não identificado na região de taguatinga, distrito federal.\n - Dossiê",
    "link": "/br_dfanbsb_arx/0/0/0332/br_dfanbsb_arx_0_0_0332_d0001de0001.pdf"
  },
  {
    "title": "BR DFANBSB ARX.0.0.333 - caso papuda: relatório e matérias publicadas em jornais sobre ocorrências de objetos voadores não identificados entre os dias 13 e 16 de abril de 1991 em brasília, distrito federal.\n - Dossiê",
    "link": "/br_dfanbsb_arx/0/0/0333/br_dfanbsb_arx_0_0_0333_d0001de0001.pdf"
  },
  {
    "title": "BR DFANBSB ARX.0.0.333 - caso papuda: relatório e matérias publicadas em jornais sobre ocorrências de objetos voadores não identificados entre os dias 13 e 16 de abril de 1991 em brasília, distrito federal.\n - Dossiê - 2",
    "link": "/br_dfanbsb_arx/0/0/0333/br_dfanbsb_arx_0_0_0333_d0001de0002.pdf"
  },
  {
    "title": "BR DFANBSB ARX.0.0.333 - caso papuda: relatório e matérias publicadas em jornais sobre ocorrências de objetos voadores não identificados entre os dias 13 e 16 de abril de 1991 em brasília, distrito federal.\n - Dossiê - 3",
    "link": "/br_dfanbsb_arx/0/0/0333/br_dfanbsb_arx_0_0_0333_d0002de0002.pdf"
  },
  {
    "title": "BR DFANBSB ARX.0.0.334 - questionário sobre ocorrência de objeto voador não identificado na região de curitiba, paraná.\n - Dossiê",
    "link": "/br_dfanbsb_arx/0/0/0334/br_dfanbsb_arx_0_0_0334_d0001de0001.pdf"
  },
  {
    "title": "BR DFANBSB ARX.0.0.335 - questionário sobre ocorrência de objeto voador não identificado na região de  vitória(?), espírito santo.\n - Dossiê",
    "link": "/br_dfanbsb_arx/0/0/0335/br_dfanbsb_arx_0_0_0335_d0001de0001.pdf"
  },
  {
    "title": "BR DFANBSB ARX.0.0.336 - questionário sobre ocorrência de objeto voador não identificado na região do distrito federal(?).\n - Dossiê",
    "link": "/br_dfanbsb_arx/0/0/0336/br_dfanbsb_arx_0_0_0336_d0001de0001.pdf"
  },
  {
    "title": "BR DFANBSB ARX.0.0.337 - documentos relacionados a demanda de grupo de estudos da universidade de brasília por  nomes  de pessoas que relataram ocorrências de objetos voadores não identificados no decorrer do ano, - Dossiê",
    "link": "/br_dfanbsb_arx/0/0/0337/br_dfanbsb_arx_0_0_0337_d0001de0001.pdf"
  },
  {
    "title": "BR DFANBSB ARX.0.0.338 - questionário sobre ocorrência de objeto voador não identificado sobrevoando o complexo penitenciário da papuda, no distrito federal.\n - Dossiê",
    "link": "/br_dfanbsb_arx/0/0/0338/br_dfanbsb_arx_0_0_0338_d0001de0001.pdf"
  },
  {
    "title": "BR DFANBSB ARX.0.0.339 - questionário sobre ocorrência de objeto voador não identificado na região de pinheirinho, estado de são paulo.\n - Dossiê",
    "link": "/br_dfanbsb_arx/0/0/0339/br_dfanbsb_arx_0_0_0339_d0001de0001.pdf"
  },
  {
    "title": "BR DFANBSB ARX.0.0.340 - questionário sobre ocorrência de objeto voador não identificado na região do bairro de orleans, em curitiba, estado do paraná.\n - Dossiê",
    "link": "/br_dfanbsb_arx/0/0/0340/br_dfanbsb_arx_0_0_0340_d0001de0001.pdf"
  },
  {
    "title": "BR DFANBSB ARX.0.0.341 - questionário sobre ocorrência de objeto voador não identificado na região de curitiba, estado do paraná.\n - Dossiê",
    "link": "/br_dfanbsb_arx/0/0/0341/br_dfanbsb_arx_0_0_0341_d0001de0001.pdf"
  },
  {
    "title": "BR DFANBSB ARX.0.0.342 - questionário sobre ocorrência de objeto voador não identificado em curitiba, estado do paraná.\n - Dossiê",
    "link": "/br_dfanbsb_arx/0/0/0342/br_dfanbsb_arx_0_0_0342_d0001de0001.pdf"
  },
  {
    "title": "BR DFANBSB ARX.0.0.343 - questionário sobre ocorrência de objeto voador não identificado na região de paranaguá, estado do paraná.\n - Dossiê",
    "link": "/br_dfanbsb_arx/0/0/0343/br_dfanbsb_arx_0_0_0343_d0001de0001.pdf"
  },
  {
    "title": "BR DFANBSB ARX.0.0.344 - ofício n. 029/cmdo/382 encaminhando relato de ocorrência de objeto voador não identificado na área  da fazenda macuco, próximo a curitiba, estado do paraná.\n - Dossiê",
    "link": "/br_dfanbsb_arx/0/0/0344/br_dfanbsb_arx_0_0_0344_d0001de0001.pdf"
  },
  {
    "title": "BR DFANBSB ARX.0.0.345 - questionário sobre ocorrência de objeto voador não identificado a sudeste do terminal barreirinha, em curitiba.\n - Dossiê",
    "link": "/br_dfanbsb_arx/0/0/0345/br_dfanbsb_arx_0_0_0345_d0001de0001.pdf"
  },
  {
    "title": "BR DFANBSB ARX.0.0.346 - questionário sobre ocorrência de objeto voador não identificado na rota entre porto velho e campo grande.\n - Dossiê",
    "link": "/br_dfanbsb_arx/0/0/0346/br_dfanbsb_arx_0_0_0346_d0001de0001.pdf"
  },
  {
    "title": "BR DFANBSB ARX.0.0.347 - questionário sobre ocorrência de objeto voador não identificado na região do paraná, entre curitiba e ponta grossa.\n - Dossiê",
    "link": "/br_dfanbsb_arx/0/0/0347/br_dfanbsb_arx_0_0_0347_d0001de0001.pdf"
  },
  {
    "title": "BR DFANBSB ARX.0.0.348 - questionário sobre ocorrência de objeto voador não identificado.\n - Dossiê",
    "link": "/br_dfanbsb_arx/0/0/0348/br_dfanbsb_arx_0_0_0348_d0001de0001.pdf"
  },
  {
    "title": "BR DFANBSB ARX.0.0.349 - questionário sobre ocorrência de objeto voador não identificado na regiâo de vila planalto, brasília, distrito federal.\n - Dossiê",
    "link": "/br_dfanbsb_arx/0/0/0349/br_dfanbsb_arx_0_0_0349_d0001de0001.pdf"
  },
  {
    "title": "BR DFANBSB ARX.0.0.350 - questionário sobre ocorrência de objeto voador não identificado na região da praia de caiobá, município de matinhos, estado do paraná. \n - Dossiê",
    "link": "/br_dfanbsb_arx/0/0/0350/br_dfanbsb_arx_0_0_0350_d0001de0001.pdf"
  },
  {
    "title": "BR DFANBSB ARX.0.0.351 - questionário sobre ocorrência de objeto voador não identificado na região de taguatinga norte, distrito federal.\n - Dossiê",
    "link": "/br_dfanbsb_arx/0/0/0351/br_dfanbsb_arx_0_0_0351_d0001de0001.pdf"
  },
  {
    "title": "BR DFANBSB ARX.0.0.352 - questionário sobre ocorrência de objeto voador não identificado na região de pilarzinho, curitiba, estado do paraná.\n - Dossiê",
    "link": "/br_dfanbsb_arx/0/0/0352/br_dfanbsb_arx_0_0_0352_d0001de0001.pdf"
  },
  {
    "title": "BR DFANBSB ARX.0.0.353 - questionário sobre ocorrência de objeto voador não identificado na região de nova terra, paraná.\n - Dossiê",
    "link": "/br_dfanbsb_arx/0/0/0353/br_dfanbsb_arx_0_0_0353_d0001de0001.pdf"
  },
  {
    "title": "BR DFANBSB ARX.0.0.354 - questionário sobre ocorrência de objeto voador não identificado nos arredores de brasília, distrito federal, e o estado de goiás.\n - Dossiê",
    "link": "/br_dfanbsb_arx/0/0/0354/br_dfanbsb_arx_0_0_0354_d0001de0001.pdf"
  },
  {
    "title": "BR DFANBSB ARX.0.0.354 - questionário sobre ocorrência de objeto voador não identificado nos arredores de brasília, distrito federal, e o estado de goiás.\n - Dossiê - 2",
    "link": "/br_dfanbsb_arx/0/0/0354/br_dfanbsb_arx_0_0_0354_d0001de0002.pdf"
  },
  {
    "title": "BR DFANBSB ARX.0.0.354 - questionário sobre ocorrência de objeto voador não identificado nos arredores de brasília, distrito federal, e o estado de goiás.\n - Dossiê - 3",
    "link": "/br_dfanbsb_arx/0/0/0354/br_dfanbsb_arx_0_0_0354_d0002de0002.pdf"
  },
  {
    "title": "BR DFANBSB ARX.0.0.355 - questionário sobre ocorrência de objeto voador não identificado.\n - Dossiê",
    "link": "/br_dfanbsb_arx/0/0/0355/br_dfanbsb_arx_0_0_0355_d0001de0001.pdf"
  },
  {
    "title": "BR DFANBSB ARX.0.0.356 - questionário sobre ocorrência de objeto voador não identificado na avenida erasto gaertner, curitiba, estado do paraná.\n - Dossiê",
    "link": "/br_dfanbsb_arx/0/0/0356/br_dfanbsb_arx_0_0_0356_d0001de0001.pdf"
  },
  {
    "title": "BR DFANBSB ARX.0.0.357 - questionário sobre ocorrência de objeto voador não identificado na região de tuparendi, estado do rio grande do sul.\n - Dossiê",
    "link": "/br_dfanbsb_arx/0/0/0357/br_dfanbsb_arx_0_0_0357_d0001de0001.pdf"
  },
  {
    "title": "BR DFANBSB ARX.0.0.358 - questionário sobre ocorrência de objeto voador não identificado na região da avenida souza naves, em curitiba, estado do paraná.\n - Dossiê",
    "link": "/br_dfanbsb_arx/0/0/0358/br_dfanbsb_arx_0_0_0358_d0001de0001.pdf"
  },
  {
    "title": "BR DFANBSB ARX.0.0.359 - questionário sobre ocorrência de objeto voador não identificado em pompeu, estado de minas gerais.\n - Dossiê",
    "link": "/br_dfanbsb_arx/0/0/0359/br_dfanbsb_arx_0_0_0359_d0001de0001.pdf"
  },
  {
    "title": "BR DFANBSB ARX.0.0.360 - questionário sobre ocorrência de objeto voador não identificado no plano piloto, distrito federal.\n - Dossiê",
    "link": "/br_dfanbsb_arx/0/0/0360/br_dfanbsb_arx_0_0_0360_d0001de0001.pdf"
  },
  {
    "title": "BR DFANBSB ARX.0.0.361 - questionário sobre ocorrência de objeto voador não identificado a sudoeste de campo grande, mato grosso do sul.\n - Dossiê",
    "link": "/br_dfanbsb_arx/0/0/0361/br_dfanbsb_arx_0_0_0361_d0001de0001.pdf"
  },
  {
    "title": "BR DFANBSB ARX.0.0.362 - questionário sobre ocorrência de objeto voador não identificado em voo em direção a curitiba, estado do paraná.\n - Dossiê",
    "link": "/br_dfanbsb_arx/0/0/0362/br_dfanbsb_arx_0_0_0362_d0001de0001.pdf"
  },
  {
    "title": "BR DFANBSB ARX.0.0.363 - questionário sobre ocorrência de objeto voador não identificado em vila planalto, distrito federal.\n - Dossiê",
    "link": "/br_dfanbsb_arx/0/0/0363/br_dfanbsb_arx_0_0_0363_d0001de0001.pdf"
  },
  {
    "title": "BR DFANBSB ARX.0.0.364 - questionário sobre ocorrência de objeto voador não identificado em santos, estado de são paulo.\n - Dossiê",
    "link": "/br_dfanbsb_arx/0/0/0364/br_dfanbsb_arx_0_0_0364_d0001de0001.pdf"
  },
  {
    "title": "BR DFANBSB ARX.0.0.365 - questionário sobre ocorrência de objeto voador não identificado na região do distrito federal.\n - Dossiê",
    "link": "/br_dfanbsb_arx/0/0/0365/br_dfanbsb_arx_0_0_0365_d0001de0001.pdf"
  },
  {
    "title": "BR DFANBSB ARX.0.0.366 - questionário sobre ocorrência de objeto voador não identificado em são félix do araguaia, estado de mato grosso.\n - Dossiê",
    "link": "/br_dfanbsb_arx/0/0/0366/br_dfanbsb_arx_0_0_0366_d0001de0001.pdf"
  },
  {
    "title": "BR DFANBSB ARX.0.0.367 - questionário sobre ocorrência de objeto voador não identificado na região de porto velho, estado de rondônia.\n - Dossiê",
    "link": "/br_dfanbsb_arx/0/0/0367/br_dfanbsb_arx_0_0_0367_d0001de0001.pdf"
  },
  {
    "title": "BR DFANBSB ARX.0.0.368 - questionário sobre ocorrência de objeto voador não identificado na região de cruzeiro velho, distrito federal.\n - Dossiê",
    "link": "/br_dfanbsb_arx/0/0/0368/br_dfanbsb_arx_0_0_0368_d0001de0001.pdf"
  },
  {
    "title": "BR DFANBSB ARX.0.0.369 - questionário sobre ocorrência de objeto voador não identificado.\n - Dossiê",
    "link": "/br_dfanbsb_arx/0/0/0369/br_dfanbsb_arx_0_0_0369_d0001de0001.pdf"
  },
  {
    "title": "BR DFANBSB ARX.0.0.370 - relato de suposto objeto voador não identificado visualizado próximo a recife.\n - Dossiê",
    "link": "/br_dfanbsb_arx/0/0/0370/br_dfanbsb_arx_0_0_0370_d0001de0001.pdf"
  },
  {
    "title": "BR DFANBSB ARX.0.0.371 - questionário sobre ocorrência de objeto voador não identificado na região de prado velho, curitiba, estado do paraná.\n - Dossiê",
    "link": "/br_dfanbsb_arx/0/0/0371/br_dfanbsb_arx_0_0_0371_d0001de0001.pdf"
  },
  {
    "title": "BR DFANBSB ARX.0.0.372 - questionário sobre ocorrência de objeto voador não identificado.\n - Dossiê",
    "link": "/br_dfanbsb_arx/0/0/0372/br_dfanbsb_arx_0_0_0372_d0001de0001.pdf"
  },
  {
    "title": "BR DFANBSB ARX.0.0.373 - carta assinada pelo sr. edson venturini de freitas ao chefe do copm i (rio de janeiro)\n - Dossiê",
    "link": "/br_dfanbsb_arx/0/0/0373/br_dfanbsb_arx_0_0_0373_d0001de0001.pdf"
  },
  {
    "title": "BR DFANBSB ARX.0.0.374 - questionário sobre ocorrência de objeto voador não identificado.\n - Dossiê",
    "link": "/br_dfanbsb_arx/0/0/0374/br_dfanbsb_arx_0_0_0374_d0001de0001.pdf"
  },
  {
    "title": "BR DFANBSB ARX.0.0.375 - questionário sobre ocorrência de objeto voador não identificado.\n - Dossiê",
    "link": "/br_dfanbsb_arx/0/0/0375/br_dfanbsb_arx_0_0_0375_d0001de0001.pdf"
  },
  {
    "title": "BR DFANBSB ARX.0.0.376 - questionário sobre ocorrência de objeto voador não identificado, de 8 de agosto de 1994.\n - Dossiê",
    "link": "/br_dfanbsb_arx/0/0/0376/br_dfanbsb_arx_0_0_0376_d0001de0001.pdf"
  },
  {
    "title": "BR DFANBSB ARX.0.0.377 - informações sobre ocorrência de objetos voadores não identificados.\n - Dossiê",
    "link": "/br_dfanbsb_arx/0/0/0377/br_dfanbsb_arx_0_0_0377_d0001de0001.pdf"
  }
]